-- MySQL dump 10.13  Distrib 8.0.25, for Win64 (x86_64)
--
-- Host: localhost    Database: store
-- ------------------------------------------------------
-- Server version	8.0.25

/*!40101 SET @OLD_CHARACTER_SET_CLIENT=@@CHARACTER_SET_CLIENT */;
/*!40101 SET @OLD_CHARACTER_SET_RESULTS=@@CHARACTER_SET_RESULTS */;
/*!40101 SET @OLD_COLLATION_CONNECTION=@@COLLATION_CONNECTION */;
/*!50503 SET NAMES utf8 */;
/*!40103 SET @OLD_TIME_ZONE=@@TIME_ZONE */;
/*!40103 SET TIME_ZONE='+00:00' */;
/*!40014 SET @OLD_UNIQUE_CHECKS=@@UNIQUE_CHECKS, UNIQUE_CHECKS=0 */;
/*!40014 SET @OLD_FOREIGN_KEY_CHECKS=@@FOREIGN_KEY_CHECKS, FOREIGN_KEY_CHECKS=0 */;
/*!40101 SET @OLD_SQL_MODE=@@SQL_MODE, SQL_MODE='NO_AUTO_VALUE_ON_ZERO' */;
/*!40111 SET @OLD_SQL_NOTES=@@SQL_NOTES, SQL_NOTES=0 */;

--
-- Table structure for table `accounts`
--

DROP TABLE IF EXISTS `accounts`;
/*!40101 SET @saved_cs_client     = @@character_set_client */;
/*!50503 SET character_set_client = utf8mb4 */;
CREATE TABLE `accounts` (
  `Username` varchar(50) CHARACTER SET utf8mb4 COLLATE utf8mb4_0900_ai_ci NOT NULL COMMENT 'Mã khách hàng',
  `Password` varchar(50) CHARACTER SET utf8mb4 COLLATE utf8mb4_0900_ai_ci NOT NULL COMMENT 'Mật khẩu đăng nhập',
  `Fullname` varchar(50) CHARACTER SET utf8mb4 COLLATE utf8mb4_0900_ai_ci NOT NULL COMMENT 'Họ và tên',
  `Email` varchar(50) CHARACTER SET utf8mb4 COLLATE utf8mb4_0900_ai_ci NOT NULL COMMENT 'Email',
  `Photo` varchar(50) CHARACTER SET utf8mb4 COLLATE utf8mb4_0900_ai_ci NOT NULL COMMENT 'Hình ảnh',
  PRIMARY KEY (`Username`)
) ENGINE=InnoDB DEFAULT CHARSET=utf8mb4 COLLATE=utf8mb4_0900_ai_ci;
/*!40101 SET character_set_client = @saved_cs_client */;

--
-- Dumping data for table `accounts`
--

LOCK TABLES `accounts` WRITE;
/*!40000 ALTER TABLE `accounts` DISABLE KEYS */;
INSERT INTO `accounts` VALUES ('ALFKI','alfki','Maria Anders','alfki@gmail.com','user.png'),('ANATR','anatr','Ana Trujillo','anatr@gmail.com','user.png'),('ANTON','anton','Antonio Moreno','anton@gmail.com','user.png'),('AROUT','arout','Thomas Hardy','arout@gmail.com','user.png'),('BERGS','bergs','Christina Berglund','bergs@gmail.com','user.png'),('BLAUS','blaus','Hanna Moos','blaus@gmail.com','user.png'),('BLONP','blonp','Frédérique Citeaux','blonp@gmail.com','user.png'),('BOLID','bolid','Martín Sommer','bolid@gmail.com','user.png'),('BONAP','bonap','Laurence Lebihan','bonap@gmail.com','user.png'),('BOTTM','bottm','Elizabeth Lincoln','bottm@gmail.com','user.png'),('BSBEV','bsbev','Victoria Ashworth','bsbev@gmail.com','user.png'),('CACTU','cactu','Patricio Simpson','cactu@gmail.com','user.png'),('CENTC','centc','Francisco Chang','centc@gmail.com','user.png'),('CHOPS','chops','Yang Wang','chops@gmail.com','user.png'),('COMMI','commi','Pedro Afonso','commi@gmail.com','user.png'),('CONSH','consh','Elizabeth Brown','consh@gmail.com','user.png'),('customer','123','Nguyễn Văn Tèo','teonv@gmail.com','user.png'),('director','123','Nguyễn Chí Phèo','pheonc@fpt.edu.vn','-1407968806.jpg'),('DRACD','dracd','Sven Ottlieb','dracd@gmail.com','user.png'),('DUMON','dumon','Janine Labrune','dumon@gmail.com','user.png'),('EASTC','eastc','Ann Devon','eastc@gmail.com','user.png'),('ERNSH','ernsh','Roland Mendel','ernsh@gmail.com','user.png'),('FAMIA','famia','Aria Cruz','famia@gmail.com','user.png'),('FISSA','fissa','Diego Roel','fissa@gmail.com','user.png'),('FOLIG','folig','Martine Rancé','folig@gmail.com','user.png'),('FOLKO','folko','Maria Larsson','folko@gmail.com','user.png'),('FRANK','frank','Peter Franken','frank@gmail.com','user.png'),('FRANR','franr','Carine Schmitt','franr@gmail.com','user.png'),('FRANS','frans','Paolo Accorti','frans@gmail.com','user.png'),('FURIB','furib','Lino Rodriguez','furib@gmail.com','user.png'),('GALED','galed','Eduardo Saavedra','galed@gmail.com','user.png'),('GODOS','godos','José Pedro Freyre','godos@gmail.com','user.png'),('GOURL','gourl','André Fonseca','gourl@gmail.com','user.png'),('GREAL','greal','Howard Snyder','greal@gmail.com','user.png'),('GROSR','grosr','Manuel Pereira','grosr@gmail.com','user.png'),('HANAR','hanar','Mario Pontes','hanar@gmail.com','user.png'),('HILAA','hilaa','Carlos Hernández','hilaa@gmail.com','user.png'),('HUNGC','hungc','Yoshi Latimer','hungc@gmail.com','user.png'),('HUNGO','hungo','Patricia McKenna','hungo@gmail.com','user.png'),('ISLAT','islat','Helen Bennett','islat@gmail.com','user.png'),('KOENE','koene','Philip Cramer','koene@gmail.com','user.png'),('LACOR','lacor','Daniel Tonini','lacor@gmail.com','user.png'),('LAMAI','lamai','Annette Roulet','lamai@gmail.com','user.png'),('LAUGB','laugb','Yoshi Tannamuri','laugb@gmail.com','user.png'),('LAZYK','lazyk','John Steel','lazyk@gmail.com','user.png'),('LEHMS','lehms','Renate Messner','lehms@gmail.com','user.png'),('LETSS','letss','Jaime Yorres','letss@gmail.com','user.png'),('LILAS','lilas','Carlos González','lilas@gmail.com','user.png'),('LINOD','linod','Felipe Izquierdo','linod@gmail.com','user.png'),('LONEP','lonep','Fran Wilson','lonep@gmail.com','user.png'),('MAGAA','magaa','Giovanni Rovelli','magaa@gmail.com','user.png'),('MAISD','maisd','Catherine Dewey','maisd@gmail.com','user.png'),('MEREP','merep','Jean Fresnière','merep@gmail.com','user.png'),('MORGK','morgk','Alexander Feuer','morgk@gmail.com','user.png'),('NORTS','norts','Simon Crowther','norts@gmail.com','user.png'),('OCEAN','ocean','Yvonne Moncada','ocean@gmail.com','user.png'),('OLDWO','oldwo','Rene Phillips','oldwo@gmail.com','user.png'),('OTTIK','ottik','Henriette Pfalzheim','ottik@gmail.com','user.png'),('PARIS','paris','Marie Bertrand','paris@gmail.com','user.png'),('PERIC','peric','Guillermo Fernández','peric@gmail.com','user.png'),('PICCO','picco','Georg Pipps','picco@gmail.com','user.png'),('PRINI','prini','Isabel de Castro','prini@gmail.com','user.png'),('QUEDE','quede','Bernardo Batista','quede@gmail.com','user.png'),('QUEEN','queen','Lúcia Carvalho','queen@gmail.com','user.png'),('QUICK','quick','Horst Kloss','quick@gmail.com','user.png'),('RANCH','ranch','Sergio Gutiérrez','ranch@gmail.com','user.png'),('RATTC','rattc','Paula Wilson','rattc@gmail.com','user.png'),('REGGC','reggc','Maurizio Moroni','reggc@gmail.com','user.png'),('RICAR','ricar','Janete Limeira','ricar@gmail.com','user.png'),('RICSU','ricsu','Michael Holz','ricsu@gmail.com','user.png'),('ROMEY','romey','Alejandra Camino','romey@gmail.com','user.png'),('SANTG','santg','Jonas Bergulfsen','santg@gmail.com','user.png'),('SAVEA','savea','Jose Pavarotti','savea@gmail.com','user.png'),('SEVES','seves','Hari Kumar','seves@gmail.com','user.png'),('SIMOB','simob','Jytte Petersen','simob@gmail.com','user.png'),('SPECD','specd','Dominique Perrier','specd@gmail.com','user.png'),('SPLIR','splir','Art Braunschweiger','splir@gmail.com','user.png'),('staff','123','Phạm Thị Nở','nopt@gmail.com','user.png'),('SUPRD','suprd','Pascale Cartrain','suprd@gmail.com','user.png'),('THEBI','thebi','Liz Nixon','thebi@gmail.com','user.png'),('THECR','thecr','Liu Wong','thecr@gmail.com','user.png'),('TOMSP','tomsp','Karin Josephs','tomsp@gmail.com','user.png'),('TORTU','tortu','Miguel Angel Paolino','tortu@gmail.com','user.png'),('TRADH','tradh','Anabela Domingues','tradh@gmail.com','user.png'),('TRAIH','traih','Helvetius Nagy','traih@gmail.com','user.png'),('VAFFE','vaffe','Palle Ibsen','vaffe@gmail.com','user.png'),('VICTE','victe','Mary Saveley','victe@gmail.com','user.png'),('VINET','vinet','Paul Henriot','vinet@gmail.com','user.png'),('WANDK','wandk','Rita Müller','wandk@gmail.com','user.png'),('WARTH','warth','Pirkko Koskitalo','warth@gmail.com','user.png'),('WELLI','welli','Paula Parente','welli@gmail.com','user.png'),('WHITC','whitc','Karl Jablonski','whitc@gmail.com','user.png'),('WILMK','wilmk','Matti Karttunen','wilmk@gmail.com','user.png'),('WOLZA','wolza','Zbyszek Piestrzeniewicz','wolza@gmail.com','user.png');
/*!40000 ALTER TABLE `accounts` ENABLE KEYS */;
UNLOCK TABLES;

--
-- Table structure for table `authorities`
--

DROP TABLE IF EXISTS `authorities`;
/*!40101 SET @saved_cs_client     = @@character_set_client */;
/*!50503 SET character_set_client = utf8mb4 */;
CREATE TABLE `authorities` (
  `Id` int NOT NULL,
  `Username` varchar(50) CHARACTER SET utf8mb4 COLLATE utf8mb4_0900_ai_ci NOT NULL,
  `RoleId` varchar(10) CHARACTER SET utf8mb4 COLLATE utf8mb4_0900_ai_ci NOT NULL,
  PRIMARY KEY (`Id`),
  KEY `FK_UserRoles_Roles` (`RoleId`),
  KEY `FK_UserRoles_Users` (`Username`),
  CONSTRAINT `FK_UserRoles_Roles` FOREIGN KEY (`RoleId`) REFERENCES `roles` (`Id`) ON DELETE CASCADE ON UPDATE CASCADE,
  CONSTRAINT `FK_UserRoles_Users` FOREIGN KEY (`Username`) REFERENCES `accounts` (`Username`) ON DELETE CASCADE ON UPDATE CASCADE
) ENGINE=InnoDB DEFAULT CHARSET=utf8mb4 COLLATE=utf8mb4_0900_ai_ci;
/*!40101 SET character_set_client = @saved_cs_client */;

--
-- Dumping data for table `authorities`
--

LOCK TABLES `authorities` WRITE;
/*!40000 ALTER TABLE `authorities` DISABLE KEYS */;
INSERT INTO `authorities` VALUES (2,'ALFKI','CUST'),(3,'ANATR','CUST'),(4,'ANTON','CUST'),(5,'AROUT','CUST'),(6,'BERGS','CUST'),(7,'BLAUS','CUST'),(8,'BLONP','CUST'),(9,'BOLID','CUST'),(10,'BONAP','CUST'),(11,'BOTTM','CUST'),(12,'BSBEV','CUST'),(13,'CACTU','CUST'),(14,'CENTC','CUST'),(15,'CHOPS','CUST'),(16,'COMMI','CUST'),(17,'CONSH','CUST'),(18,'DRACD','CUST'),(19,'DUMON','CUST'),(20,'EASTC','CUST'),(21,'ERNSH','CUST'),(22,'FAMIA','CUST'),(23,'FISSA','CUST'),(24,'FOLIG','CUST'),(25,'FOLKO','CUST'),(26,'FRANK','CUST'),(27,'FRANR','CUST'),(28,'FRANS','CUST'),(29,'FURIB','CUST'),(30,'GALED','CUST'),(31,'GODOS','CUST'),(32,'GOURL','CUST'),(33,'GREAL','CUST'),(34,'GROSR','CUST'),(35,'HANAR','CUST'),(36,'HILAA','CUST'),(37,'HUNGC','CUST'),(38,'HUNGO','CUST'),(39,'ISLAT','CUST'),(40,'KOENE','CUST'),(41,'LACOR','CUST'),(42,'LAMAI','CUST'),(43,'LAUGB','CUST'),(44,'LAZYK','CUST'),(45,'LEHMS','CUST'),(46,'LETSS','CUST'),(47,'LILAS','CUST'),(48,'LINOD','CUST'),(49,'LONEP','CUST'),(50,'MAGAA','CUST'),(51,'MAISD','CUST'),(52,'MEREP','CUST'),(53,'MORGK','CUST'),(55,'NORTS','CUST'),(56,'OCEAN','CUST'),(57,'OLDWO','CUST'),(58,'OTTIK','CUST'),(59,'PARIS','CUST'),(60,'PERIC','CUST'),(61,'PICCO','CUST'),(62,'PRINI','CUST'),(63,'QUEDE','CUST'),(64,'QUEEN','CUST'),(65,'QUICK','CUST'),(66,'RANCH','CUST'),(67,'RATTC','CUST'),(68,'REGGC','CUST'),(69,'RICAR','CUST'),(70,'RICSU','CUST'),(71,'ROMEY','CUST'),(72,'SANTG','CUST'),(74,'SAVEA','CUST'),(75,'SEVES','CUST'),(76,'SIMOB','CUST'),(77,'SPECD','CUST'),(78,'SPLIR','CUST'),(79,'SUPRD','CUST'),(80,'customer','CUST'),(82,'THEBI','CUST'),(83,'THECR','CUST'),(84,'TOMSP','CUST'),(85,'TORTU','CUST'),(86,'TRADH','CUST'),(87,'TRAIH','CUST'),(89,'VAFFE','CUST'),(90,'VICTE','CUST'),(91,'VINET','CUST'),(92,'WANDK','CUST'),(93,'WARTH','CUST'),(94,'WELLI','CUST'),(95,'WHITC','CUST'),(96,'WILMK','CUST'),(97,'WOLZA','CUST'),(98,'director','DIRE'),(100,'staff','STAF'),(2103,'director','STAF'),(7103,'staff','CUST');
/*!40000 ALTER TABLE `authorities` ENABLE KEYS */;
UNLOCK TABLES;

--
-- Table structure for table `categories`
--

DROP TABLE IF EXISTS `categories`;
/*!40101 SET @saved_cs_client     = @@character_set_client */;
/*!50503 SET character_set_client = utf8mb4 */;
CREATE TABLE `categories` (
  `Id` char(4) NOT NULL COMMENT 'Mã loại',
  `Name` varchar(50) CHARACTER SET utf8mb4 COLLATE utf8mb4_0900_ai_ci NOT NULL COMMENT 'Tên tiếng Việt',
  PRIMARY KEY (`Id`)
) ENGINE=InnoDB DEFAULT CHARSET=utf8mb4 COLLATE=utf8mb4_0900_ai_ci;
/*!40101 SET character_set_client = @saved_cs_client */;

--
-- Dumping data for table `categories`
--

LOCK TABLES `categories` WRITE;
/*!40000 ALTER TABLE `categories` DISABLE KEYS */;
INSERT INTO `categories` VALUES ('1000','Đồng hồ đeo tay'),('1001','Máy tính xách tay'),('1002','Máy ảnh'),('1003','Điện thoại'),('1004','Nước hoa'),('1005','Nữ trang'),('1006','Nón thời trang'),('1007','Túi xách du lịch'),('5000','Đồng hồ đeo tay'),('5001','Đồng hồ đeo tay'),('5002','Đồng hồ đeo tay');
/*!40000 ALTER TABLE `categories` ENABLE KEYS */;
UNLOCK TABLES;

--
-- Table structure for table `orderdetails`
--

DROP TABLE IF EXISTS `orderdetails`;
/*!40101 SET @saved_cs_client     = @@character_set_client */;
/*!50503 SET character_set_client = utf8mb4 */;
CREATE TABLE `orderdetails` (
  `Id` bigint NOT NULL COMMENT 'Mã chi tiết',
  `OrderId` bigint NOT NULL COMMENT 'Mã hóa đơn',
  `ProductId` int NOT NULL COMMENT 'Mã hàng hóa',
  `Price` double NOT NULL DEFAULT '0' COMMENT 'Đơn giá bán',
  `Quantity` int NOT NULL DEFAULT '1' COMMENT 'Số lượng mua',
  PRIMARY KEY (`Id`),
  KEY `FK_OrderDetails_Orders` (`OrderId`),
  KEY `FK_OrderDetails_Products` (`ProductId`),
  CONSTRAINT `FK_OrderDetails_Orders` FOREIGN KEY (`OrderId`) REFERENCES `orders` (`Id`) ON DELETE CASCADE ON UPDATE CASCADE,
  CONSTRAINT `FK_OrderDetails_Products` FOREIGN KEY (`ProductId`) REFERENCES `products` (`Id`) ON UPDATE CASCADE
) ENGINE=InnoDB DEFAULT CHARSET=utf8mb4 COLLATE=utf8mb4_0900_ai_ci;
/*!40101 SET character_set_client = @saved_cs_client */;

--
-- Dumping data for table `orderdetails`
--

LOCK TABLES `orderdetails` WRITE;
/*!40000 ALTER TABLE `orderdetails` DISABLE KEYS */;
INSERT INTO `orderdetails` VALUES (100005,10249,1051,42.4,40),(100006,10250,1041,7.7,10),(100007,10250,1051,42.4,35),(100008,10250,1065,16.8,15),(100009,10251,1022,16.8,6),(100010,10251,1057,15.6,15),(100011,10251,1065,16.8,20),(100012,10252,1020,64.8,40),(100013,10252,1033,2,25),(100014,10252,1060,27.2,40),(100015,10253,1031,10,20),(100016,10253,1039,14.4,42),(100017,10253,1049,16,40),(100018,10254,1024,3.6,15),(100019,10254,1055,19.2,21),(100020,10254,1074,8,21),(100021,10255,1002,15.2,20),(100022,10255,1016,13.9,35),(100023,10255,1036,15.2,25),(100024,10255,1059,44,30),(100025,10256,1053,26.2,15),(100026,10256,1077,10.4,12),(100027,10257,1027,35.1,25),(100028,10257,1039,14.4,6),(100029,10257,1077,10.4,15),(100030,10258,1002,15.2,50),(100032,10258,1032,25.6,6),(100033,10259,1021,8,10),(100034,10259,1037,20.8,1),(100035,10260,1041,7.7,16),(100036,10260,1057,15.6,50),(100037,10260,1062,39.4,15),(100038,10260,1070,12,21),(100039,10261,1021,8,20),(100040,10261,1035,14.4,20),(100042,10262,1007,24,15),(100043,10262,1056,30.4,2),(100044,10263,1016,13.9,60),(100045,10263,1024,3.6,28),(100046,10263,1030,20.7,60),(100047,10263,1074,8,36),(100048,10264,1002,15.2,35),(100049,10264,1041,7.7,25),(100050,10265,1017,31.2,30),(100051,10265,1070,12,20),(100052,10266,1012,30.4,12),(100053,10267,1040,14.7,50),(100054,10267,1059,44,70),(100055,10267,1076,14.4,15),(100056,10268,1029,99,10),(100058,10269,1033,2,60),(100060,10270,1036,15.2,30),(100061,10270,1043,36.8,25),(100062,10271,1033,2,24),(100063,10272,1020,64.8,6),(100064,10272,1031,10,40),(100066,10273,1010,24.8,24),(100067,10273,1031,10,15),(100068,10273,1033,2,20),(100069,10273,1040,14.7,60),(100070,10273,1076,14.4,33),(100071,10274,1071,17.2,20),(100073,10275,1024,3.6,12),(100074,10275,1059,44,6),(100075,10276,1010,24.8,15),(100076,10276,1013,4.8,10),(100077,10277,1028,36.4,20),(100078,10277,1062,39.4,12),(100079,10278,1044,15.5,16),(100080,10278,1059,44,15),(100081,10278,1063,35.1,8),(100082,10278,1073,12,25),(100083,10279,1017,31.2,15),(100084,10280,1024,3.6,12),(100085,10280,1055,19.2,20),(100086,10280,1075,6.2,30),(100087,10281,1019,7.3,1),(100088,10281,1024,3.6,6),(100089,10281,1035,14.4,4),(100090,10282,1030,20.7,6),(100091,10282,1057,15.6,2),(100092,10283,1015,12.4,20),(100093,10283,1019,7.3,18),(100094,10283,1060,27.2,35),(100096,10284,1027,35.1,15),(100097,10284,1044,15.5,21),(100098,10284,1060,27.2,20),(100099,10284,1067,11.2,5),(100100,10285,1001,14.4,45),(100101,10285,1040,14.7,40),(100102,10285,1053,26.2,36),(100103,10286,1035,14.4,100),(100104,10286,1062,39.4,40),(100105,10287,1016,13.9,40),(100106,10287,1034,11.2,20),(100107,10287,1046,9.6,15),(100108,10288,1054,5.9,10),(100109,10288,1068,10,3),(100110,10289,1003,8,30),(100111,10289,1064,26.6,9),(100113,10290,1029,99,15),(100114,10290,1049,16,15),(100115,10290,1077,10.4,10),(100116,10291,1013,4.8,20),(100117,10291,1044,15.5,24),(100118,10291,1051,42.4,2),(100119,10292,1020,64.8,20),(100120,10293,1018,50,12),(100121,10293,1024,3.6,10),(100122,10293,1063,35.1,5),(100123,10293,1075,6.2,6),(100124,10294,1001,14.4,18),(100125,10294,1017,31.2,15),(100126,10294,1043,36.8,15),(100127,10294,1060,27.2,21),(100128,10294,1075,6.2,6),(100129,10295,1056,30.4,4),(100131,10296,1016,13.9,30),(100132,10296,1069,28.8,15),(100133,10297,1039,14.4,60),(100135,10298,1002,15.2,40),(100136,10298,1036,15.2,40),(100137,10298,1059,44,30),(100138,10298,1062,39.4,15),(100139,10299,1019,7.3,15),(100140,10299,1070,12,20),(100141,10300,1066,13.6,30),(100142,10300,1068,10,20),(100143,10301,1040,14.7,10),(100144,10301,1056,30.4,20),(100145,10302,1017,31.2,40),(100146,10302,1028,36.4,28),(100147,10302,1043,36.8,12),(100148,10303,1040,14.7,40),(100149,10303,1065,16.8,30),(100150,10303,1068,10,15),(100151,10304,1049,16,30),(100152,10304,1059,44,10),(100153,10304,1071,17.2,2),(100154,10305,1018,50,25),(100155,10305,1029,99,25),(100156,10305,1039,14.4,30),(100157,10306,1030,20.7,10),(100158,10306,1053,26.2,10),(100159,10306,1054,5.9,5),(100160,10307,1062,39.4,10),(100161,10307,1068,10,3),(100162,10308,1069,28.8,1),(100163,10308,1070,12,5),(100164,10309,1004,17.6,20),(100165,10309,1006,20,30),(100167,10309,1043,36.8,20),(100168,10309,1071,17.2,3),(100169,10310,1016,13.9,10),(100170,10310,1062,39.4,5),(100172,10311,1069,28.8,7),(100173,10312,1028,36.4,4),(100174,10312,1043,36.8,24),(100175,10312,1053,26.2,20),(100176,10312,1075,6.2,10),(100177,10313,1036,15.2,12),(100178,10314,1032,25.6,40),(100179,10314,1058,10.6,30),(100180,10314,1062,39.4,25),(100181,10315,1034,11.2,14),(100182,10315,1070,12,30),(100183,10316,1041,7.7,10),(100184,10316,1062,39.4,70),(100185,10317,1001,14.4,20),(100186,10318,1041,7.7,20),(100187,10318,1076,14.4,6),(100188,10319,1017,31.2,8),(100189,10319,1028,36.4,14),(100190,10319,1076,14.4,30),(100191,10320,1071,17.2,30),(100192,10321,1035,14.4,10),(100193,10322,1052,5.6,20),(100194,10323,1015,12.4,5),(100195,10323,1025,11.2,4),(100196,10323,1039,14.4,4),(100197,10324,1016,13.9,21),(100198,10324,1035,14.4,70),(100199,10324,1046,9.6,30),(100200,10324,1059,44,40),(100201,10324,1063,35.1,80),(100202,10325,1006,20,6),(100203,10325,1013,4.8,12),(100204,10325,1014,18.6,9),(100205,10325,1031,10,4),(100207,10326,1004,17.6,24),(100208,10326,1057,15.6,16),(100209,10326,1075,6.2,50),(100210,10327,1002,15.2,25),(100212,10327,1030,20.7,35),(100213,10327,1058,10.6,30),(100214,10328,1059,44,9),(100215,10328,1065,16.8,40),(100216,10328,1068,10,10),(100217,10329,1019,7.3,10),(100218,10329,1030,20.7,8),(100219,10329,1038,210.8,20),(100220,10329,1056,30.4,12),(100221,10330,1026,24.9,50),(100223,10331,1054,5.9,15),(100224,10332,1018,50,40),(100226,10332,1047,7.6,16),(100227,10333,1014,18.6,10),(100228,10333,1021,8,10),(100229,10333,1071,17.2,40),(100230,10334,1052,5.6,8),(100231,10334,1068,10,10),(100232,10335,1002,15.2,7),(100233,10335,1031,10,25),(100234,10335,1032,25.6,6),(100235,10335,1051,42.4,48),(100236,10336,1004,17.6,18),(100237,10337,1023,7.2,40),(100238,10337,1026,24.9,24),(100239,10337,1036,15.2,20),(100240,10337,1037,20.8,28),(100242,10338,1017,31.2,20),(100243,10338,1030,20.7,15),(100244,10339,1004,17.6,10),(100245,10339,1017,31.2,70),(100246,10339,1062,39.4,28),(100247,10340,1018,50,20),(100248,10340,1041,7.7,12),(100249,10340,1043,36.8,40),(100250,10341,1033,2,8),(100251,10341,1059,44,9),(100252,10342,1002,15.2,24),(100253,10342,1031,10,56),(100254,10342,1036,15.2,40),(100255,10342,1055,19.2,40),(100256,10343,1064,26.6,50),(100257,10343,1068,10,4),(100258,10343,1076,14.4,15),(100259,10344,1004,17.6,35),(100260,10344,1008,32,70),(100261,10345,1008,32,70),(100262,10345,1019,7.3,80),(100264,10346,1017,31.2,36),(100265,10346,1056,30.4,20),(100266,10347,1025,11.2,10),(100267,10347,1039,14.4,50),(100268,10347,1040,14.7,4),(100269,10347,1075,6.2,6),(100270,10348,1001,14.4,15),(100271,10348,1023,7.2,25),(100272,10349,1054,5.9,24),(100273,10350,1050,13,15),(100274,10350,1069,28.8,18),(100275,10351,1038,210.8,20),(100276,10351,1041,7.7,13),(100277,10351,1044,15.5,77),(100278,10351,1065,16.8,10),(100279,10352,1024,3.6,10),(100280,10352,1054,5.9,20),(100282,10353,1038,210.8,50),(100283,10354,1001,14.4,12),(100284,10354,1029,99,4),(100285,10355,1024,3.6,25),(100286,10355,1057,15.6,25),(100287,10356,1031,10,30),(100288,10356,1055,19.2,12),(100289,10356,1069,28.8,20),(100290,10357,1010,24.8,30),(100291,10357,1026,24.9,16),(100292,10357,1060,27.2,8),(100293,10358,1024,3.6,10),(100294,10358,1034,11.2,10),(100295,10358,1036,15.2,20),(100296,10359,1016,13.9,56),(100297,10359,1031,10,70),(100298,10359,1060,27.2,80),(100299,10360,1028,36.4,30),(100300,10360,1029,99,35),(100301,10360,1038,210.8,10),(100302,10360,1049,16,35),(100303,10360,1054,5.9,28),(100304,10361,1039,14.4,54),(100305,10361,1060,27.2,55),(100306,10362,1025,11.2,50),(100307,10362,1051,42.4,20),(100308,10362,1054,5.9,24),(100309,10363,1031,10,20),(100310,10363,1075,6.2,12),(100311,10363,1076,14.4,12),(100312,10364,1069,28.8,30),(100313,10364,1071,17.2,5),(100315,10366,1065,16.8,5),(100316,10366,1077,10.4,5),(100317,10367,1034,11.2,36),(100318,10367,1054,5.9,18),(100319,10367,1065,16.8,15),(100320,10367,1077,10.4,7),(100321,10368,1021,8,5),(100322,10368,1028,36.4,13),(100323,10368,1057,15.6,25),(100324,10368,1064,26.6,35),(100325,10369,1029,99,20),(100326,10369,1056,30.4,18),(100327,10370,1001,14.4,15),(100328,10370,1064,26.6,30),(100329,10370,1074,8,20),(100330,10371,1036,15.2,6),(100331,10372,1020,64.8,12),(100332,10372,1038,210.8,40),(100333,10372,1060,27.2,70),(100335,10373,1058,10.6,80),(100336,10373,1071,17.2,50),(100337,10374,1031,10,30),(100338,10374,1058,10.6,15),(100339,10375,1014,18.6,15),(100340,10375,1054,5.9,10),(100341,10376,1031,10,42),(100342,10377,1028,36.4,20),(100343,10377,1039,14.4,20),(100344,10378,1071,17.2,6),(100345,10379,1041,7.7,8),(100346,10379,1063,35.1,16),(100347,10379,1065,16.8,20),(100348,10380,1030,20.7,18),(100349,10380,1053,26.2,20),(100350,10380,1060,27.2,6),(100351,10380,1070,12,30),(100352,10381,1074,8,14),(100354,10382,1018,50,9),(100355,10382,1029,99,14),(100356,10382,1033,2,60),(100357,10382,1074,8,50),(100358,10383,1013,4.8,20),(100359,10383,1050,13,15),(100360,10383,1056,30.4,20),(100361,10384,1020,64.8,28),(100362,10384,1060,27.2,15),(100363,10385,1007,24,10),(100364,10385,1060,27.2,20),(100365,10385,1068,10,8),(100366,10386,1024,3.6,15),(100367,10386,1034,11.2,10),(100368,10387,1024,3.6,15),(100369,10387,1028,36.4,6),(100370,10387,1059,44,12),(100371,10387,1071,17.2,15),(100372,10388,1045,7.6,15),(100373,10388,1052,5.6,20),(100374,10388,1053,26.2,40),(100375,10389,1010,24.8,16),(100376,10389,1055,19.2,15),(100377,10389,1062,39.4,20),(100378,10389,1070,12,30),(100379,10390,1031,10,60),(100380,10390,1035,14.4,40),(100381,10390,1046,9.6,45),(100383,10391,1013,4.8,18),(100384,10392,1069,28.8,50),(100385,10393,1002,15.2,25),(100386,10393,1014,18.6,42),(100387,10393,1025,11.2,7),(100388,10393,1026,24.9,70),(100389,10393,1031,10,32),(100390,10394,1013,4.8,10),(100391,10394,1062,39.4,10),(100392,10395,1046,9.6,28),(100393,10395,1053,26.2,70),(100394,10395,1069,28.8,8),(100395,10396,1023,7.2,40),(100396,10396,1071,17.2,60),(100398,10397,1021,8,10),(100399,10397,1051,42.4,18),(100400,10398,1035,14.4,30),(100401,10398,1055,19.2,120),(100402,10399,1068,10,60),(100403,10399,1071,17.2,30),(100404,10399,1076,14.4,35),(100405,10399,1077,10.4,14),(100406,10400,1029,99,21),(100407,10400,1035,14.4,35),(100408,10400,1049,16,30),(100409,10401,1030,20.7,18),(100410,10401,1056,30.4,70),(100411,10401,1065,16.8,20),(100412,10401,1071,17.2,60),(100413,10402,1023,7.2,60),(100414,10402,1063,35.1,65),(100415,10403,1016,13.9,21),(100416,10403,1048,10.2,70),(100417,10404,1026,24.9,30),(100419,10404,1049,16,30),(100420,10405,1003,8,50),(100421,10406,1001,14.4,10),(100422,10406,1021,8,30),(100423,10406,1028,36.4,42),(100424,10406,1036,15.2,5),(100425,10406,1040,14.7,2),(100427,10407,1069,28.8,15),(100428,10407,1071,17.2,15),(100429,10408,1037,20.8,10),(100430,10408,1054,5.9,6),(100431,10408,1062,39.4,35),(100432,10409,1014,18.6,12),(100433,10409,1021,8,12),(100434,10410,1033,2,49),(100435,10410,1059,44,16),(100436,10411,1041,7.7,25),(100437,10411,1044,15.5,40),(100438,10411,1059,44,9),(100439,10412,1014,18.6,20),(100440,10413,1001,14.4,24),(100441,10413,1062,39.4,40),(100442,10413,1076,14.4,14),(100443,10414,1019,7.3,18),(100444,10414,1033,2,50),(100445,10415,1017,31.2,2),(100446,10415,1033,2,20),(100447,10416,1019,7.3,20),(100448,10416,1053,26.2,10),(100449,10416,1057,15.6,20),(100450,10417,1038,210.8,50),(100451,10417,1046,9.6,2),(100452,10417,1068,10,36),(100453,10417,1077,10.4,35),(100454,10418,1002,15.2,60),(100455,10418,1047,7.6,55),(100456,10418,1061,22.8,16),(100457,10418,1074,8,15),(100458,10419,1060,27.2,60),(100459,10419,1069,28.8,20),(100460,10420,1009,150,20),(100461,10420,1013,4.8,2),(100462,10420,1070,12,8),(100463,10420,1073,12,20),(100464,10421,1019,7.3,4),(100465,10421,1026,24.9,30),(100466,10421,1053,26.2,15),(100467,10421,1077,10.4,10),(100468,10422,1026,24.9,2),(100469,10423,1031,10,14),(100470,10423,1059,44,20),(100471,10424,1035,14.4,60),(100472,10424,1038,210.8,49),(100473,10424,1068,10,30),(100474,10425,1055,19.2,10),(100475,10425,1076,14.4,20),(100476,10426,1056,30.4,5),(100477,10426,1064,26.6,7),(100478,10427,1014,18.6,35),(100479,10428,1046,9.6,20),(100480,10429,1050,13,40),(100481,10429,1063,35.1,35),(100482,10430,1017,31.2,45),(100483,10430,1021,8,50),(100484,10430,1056,30.4,30),(100485,10430,1059,44,70),(100486,10431,1017,31.2,50),(100487,10431,1040,14.7,50),(100488,10431,1047,7.6,30),(100489,10432,1026,24.9,10),(100490,10432,1054,5.9,40),(100491,10433,1056,30.4,28),(100493,10434,1076,14.4,18),(100494,10435,1002,15.2,10),(100495,10435,1022,16.8,12),(100497,10436,1046,9.6,5),(100498,10436,1056,30.4,40),(100499,10436,1064,26.6,30),(100500,10436,1075,6.2,24),(100501,10437,1053,26.2,15),(100502,10438,1019,7.3,15),(100503,10438,1034,11.2,20),(100504,10438,1057,15.6,15),(100505,10439,1012,30.4,15),(100506,10439,1016,13.9,16),(100507,10439,1064,26.6,6),(100508,10439,1074,8,30),(100509,10440,1002,15.2,45),(100510,10440,1016,13.9,49),(100511,10440,1029,99,24),(100512,10440,1061,22.8,90),(100513,10441,1027,35.1,50),(100515,10442,1054,5.9,80),(100516,10442,1066,13.6,60),(100518,10443,1028,36.4,12),(100519,10444,1017,31.2,10),(100520,10444,1026,24.9,15),(100521,10444,1035,14.4,8),(100522,10444,1041,7.7,30),(100523,10445,1039,14.4,6),(100524,10445,1054,5.9,15),(100525,10446,1019,7.3,12),(100526,10446,1024,3.6,20),(100527,10446,1031,10,3),(100528,10446,1052,5.6,15),(100529,10447,1019,7.3,40),(100530,10447,1065,16.8,35),(100531,10447,1071,17.2,2),(100532,10448,1026,24.9,6),(100533,10448,1040,14.7,20),(100534,10449,1010,24.8,14),(100535,10449,1052,5.6,20),(100536,10449,1062,39.4,35),(100537,10450,1010,24.8,20),(100538,10450,1054,5.9,6),(100539,10451,1055,19.2,120),(100540,10451,1064,26.6,35),(100541,10451,1065,16.8,28),(100542,10451,1077,10.4,55),(100543,10452,1028,36.4,15),(100544,10452,1044,15.5,100),(100545,10453,1048,10.2,15),(100546,10453,1070,12,25),(100547,10454,1016,13.9,20),(100548,10454,1033,2,20),(100549,10454,1046,9.6,10),(100550,10455,1039,14.4,20),(100551,10455,1053,26.2,50),(100552,10455,1061,22.8,25),(100553,10455,1071,17.2,30),(100554,10456,1021,8,40),(100555,10456,1049,16,21),(100556,10457,1059,44,36),(100557,10458,1026,24.9,30),(100558,10458,1028,36.4,30),(100559,10458,1043,36.8,20),(100560,10458,1056,30.4,15),(100561,10458,1071,17.2,50),(100562,10459,1007,24,16),(100563,10459,1046,9.6,20),(100565,10460,1068,10,21),(100566,10460,1075,6.2,4),(100567,10461,1021,8,40),(100568,10461,1030,20.7,28),(100569,10461,1055,19.2,60),(100570,10462,1013,4.8,1),(100571,10462,1023,7.2,21),(100572,10463,1019,7.3,21),(100574,10464,1004,17.6,16),(100575,10464,1043,36.8,3),(100576,10464,1056,30.4,30),(100577,10464,1060,27.2,20),(100578,10465,1024,3.6,25),(100579,10465,1029,99,18),(100580,10465,1040,14.7,20),(100581,10465,1045,7.6,30),(100582,10465,1050,13,25),(100584,10466,1046,9.6,5),(100585,10467,1024,3.6,28),(100586,10467,1025,11.2,12),(100587,10468,1030,20.7,8),(100588,10468,1043,36.8,15),(100589,10469,1002,15.2,40),(100590,10469,1016,13.9,35),(100591,10469,1044,15.5,2),(100592,10470,1018,50,30),(100593,10470,1023,7.2,15),(100594,10470,1064,26.6,8),(100595,10471,1007,24,30),(100596,10471,1056,30.4,20),(100597,10472,1024,3.6,80),(100598,10472,1051,42.4,18),(100599,10473,1033,2,12),(100600,10473,1071,17.2,12),(100601,10474,1014,18.6,12),(100602,10474,1028,36.4,18),(100603,10474,1040,14.7,21),(100604,10474,1075,6.2,10),(100605,10475,1031,10,35),(100606,10475,1066,13.6,60),(100607,10475,1076,14.4,42),(100608,10476,1055,19.2,2),(100609,10476,1070,12,12),(100610,10477,1001,14.4,15),(100611,10477,1021,8,21),(100612,10477,1039,14.4,20),(100613,10478,1010,24.8,20),(100614,10479,1038,210.8,30),(100615,10479,1053,26.2,28),(100616,10479,1059,44,60),(100617,10479,1064,26.6,30),(100618,10480,1047,7.6,30),(100619,10480,1059,44,12),(100620,10481,1049,16,24),(100621,10481,1060,27.2,40),(100622,10482,1040,14.7,10),(100623,10483,1034,11.2,35),(100624,10483,1077,10.4,30),(100625,10484,1021,8,14),(100626,10484,1040,14.7,10),(100627,10484,1051,42.4,3),(100628,10485,1002,15.2,20),(100629,10485,1003,8,20),(100630,10485,1055,19.2,30),(100631,10485,1070,12,60),(100633,10486,1051,42.4,25),(100634,10486,1074,8,16),(100635,10487,1019,7.3,5),(100636,10487,1026,24.9,30),(100637,10487,1054,5.9,24),(100638,10488,1059,44,30),(100639,10488,1073,12,20),(100641,10489,1016,13.9,18),(100642,10490,1059,44,60),(100643,10490,1068,10,30),(100644,10490,1075,6.2,36),(100645,10491,1044,15.5,15),(100646,10491,1077,10.4,7),(100647,10492,1025,11.2,60),(100649,10493,1065,16.8,15),(100650,10493,1066,13.6,10),(100651,10493,1069,28.8,10),(100652,10494,1056,30.4,30),(100653,10495,1023,7.2,10),(100654,10495,1041,7.7,20),(100655,10495,1077,10.4,5),(100656,10496,1031,10,20),(100657,10497,1056,30.4,14),(100659,10497,1077,10.4,25),(100660,10498,1024,4.5,14),(100661,10498,1040,18.4,5),(100663,10499,1028,45.6,20),(100664,10499,1049,20,25),(100665,10500,1015,15.5,12),(100666,10500,1028,45.6,8),(100667,10501,1054,7.45,20),(100668,10502,1045,9.5,21),(100669,10502,1053,32.8,6),(100670,10502,1067,14,30),(100671,10503,1014,23.25,70),(100672,10503,1065,21.05,20),(100673,10504,1002,19,12),(100674,10504,1021,10,12),(100675,10504,1053,32.8,10),(100676,10504,1061,28.5,25),(100677,10505,1062,49.3,3),(100678,10506,1025,14,18),(100679,10506,1070,15,14),(100680,10507,1043,46,15),(100681,10507,1048,12.75,15),(100682,10508,1013,6,10),(100683,10508,1039,18,10),(100684,10509,1028,45.6,3),(100685,10510,1029,123.79,36),(100686,10510,1075,7.75,36),(100687,10511,1004,22,50),(100688,10511,1007,30,50),(100689,10511,1008,40,10),(100690,10512,1024,4.5,10),(100691,10512,1046,12,9),(100692,10512,1047,9.5,6),(100693,10512,1060,34,12),(100694,10513,1021,10,40),(100695,10513,1032,32,50),(100696,10513,1061,28.5,15),(100697,10514,1020,81,39),(100698,10514,1028,45.6,35),(100699,10514,1056,38,70),(100700,10514,1065,21.05,39),(100701,10514,1075,7.75,50),(100702,10515,1009,150,16),(100703,10515,1016,17.45,50),(100704,10515,1027,43.9,120),(100705,10515,1033,2.5,16),(100706,10515,1060,34,84),(100707,10516,1018,62.5,25),(100708,10516,1041,9.65,80),(100710,10517,1052,7,6),(100711,10517,1059,55,4),(100712,10517,1070,15,6),(100713,10518,1024,4.5,5),(100714,10518,1038,263.5,15),(100715,10518,1044,19.45,9),(100716,10519,1010,31,16),(100717,10519,1056,38,40),(100718,10519,1060,34,10),(100719,10520,1024,4.5,8),(100720,10520,1053,32.8,5),(100721,10521,1035,18,3),(100722,10521,1041,9.65,10),(100723,10521,1068,12.5,6),(100724,10522,1001,18,40),(100725,10522,1008,40,24),(100726,10522,1030,25.89,20),(100727,10522,1040,18.4,25),(100728,10523,1017,39,25),(100729,10523,1020,81,15),(100730,10523,1037,26,18),(100731,10523,1041,9.65,6),(100732,10524,1010,31,2),(100733,10524,1030,25.89,10),(100734,10524,1043,46,60),(100735,10524,1054,7.45,15),(100736,10525,1036,19,30),(100737,10525,1040,18.4,15),(100738,10526,1001,18,8),(100739,10526,1013,6,10),(100740,10526,1056,38,30),(100741,10527,1004,22,50),(100742,10527,1036,19,30),(100744,10528,1033,2.5,8),(100746,10529,1055,24,14),(100747,10529,1068,12.5,20),(100748,10529,1069,36,10),(100749,10530,1017,39,40),(100750,10530,1043,46,25),(100751,10530,1061,28.5,20),(100752,10530,1076,18,50),(100753,10531,1059,55,2),(100754,10532,1030,25.89,15),(100755,10532,1066,17,24),(100756,10533,1004,22,50),(100758,10533,1073,15,24),(100759,10534,1030,25.89,10),(100760,10534,1040,18.4,10),(100761,10534,1054,7.45,10),(100763,10535,1040,18.4,10),(100764,10535,1057,19.5,5),(100765,10535,1059,55,15),(100766,10536,1012,38,15),(100767,10536,1031,12.5,20),(100768,10536,1033,2.5,30),(100769,10536,1060,34,35),(100770,10537,1031,12.5,30),(100771,10537,1051,53,6),(100772,10537,1058,13.25,20),(100774,10537,1073,15,9),(100775,10538,1070,15,7),(100777,10539,1013,6,8),(100778,10539,1021,10,15),(100779,10539,1033,2.5,15),(100780,10539,1049,20,6),(100781,10540,1003,10,60),(100782,10540,1026,31.23,40),(100783,10540,1038,263.5,30),(100784,10540,1068,12.5,35),(100785,10541,1024,4.5,35),(100786,10541,1038,263.5,4),(100787,10541,1065,21.05,36),(100788,10541,1071,21.5,9),(100790,10542,1054,7.45,24),(100791,10543,1012,38,30),(100792,10543,1023,9,70),(100793,10544,1028,45.6,7),(100794,10544,1067,14,7),(100796,10546,1007,30,10),(100797,10546,1035,18,30),(100798,10546,1062,49.3,40),(100799,10547,1032,32,24),(100800,10547,1036,19,60),(100801,10548,1034,14,10),(100802,10548,1041,9.65,14),(100803,10549,1031,12.5,55),(100804,10549,1045,9.5,100),(100805,10549,1051,53,48),(100806,10550,1017,39,8),(100807,10550,1019,9.2,10),(100808,10550,1021,10,6),(100809,10550,1061,28.5,10),(100810,10551,1016,17.45,40),(100811,10551,1035,18,20),(100812,10551,1044,19.45,40),(100813,10552,1069,36,18),(100814,10552,1075,7.75,30),(100816,10553,1016,17.45,14),(100817,10553,1022,21,24),(100818,10553,1031,12.5,30),(100819,10553,1035,18,6),(100820,10554,1016,17.45,30),(100821,10554,1023,9,20),(100822,10554,1062,49.3,20),(100823,10554,1077,13,10),(100824,10555,1014,23.25,30),(100825,10555,1019,9.2,35),(100826,10555,1024,4.5,18),(100827,10555,1051,53,20),(100828,10555,1056,38,40),(100830,10557,1064,33.25,30),(100831,10557,1075,7.75,20),(100832,10558,1047,9.5,25),(100833,10558,1051,53,20),(100834,10558,1052,7,30),(100835,10558,1053,32.8,18),(100836,10558,1073,15,3),(100837,10559,1041,9.65,12),(100838,10559,1055,24,18),(100839,10560,1030,25.89,20),(100840,10560,1062,49.3,15),(100841,10561,1044,19.45,10),(100842,10561,1051,53,50),(100843,10562,1033,2.5,20),(100844,10562,1062,49.3,10),(100845,10563,1036,19,25),(100846,10563,1052,7,70),(100847,10564,1017,39,16),(100848,10564,1031,12.5,6),(100849,10564,1055,24,25),(100850,10565,1024,4.5,25),(100851,10565,1064,33.25,18),(100853,10566,1018,62.5,18),(100854,10566,1076,18,10),(100855,10567,1031,12.5,60),(100856,10567,1051,53,3),(100857,10567,1059,55,40),(100858,10568,1010,31,5),(100859,10569,1031,12.5,35),(100860,10569,1076,18,30),(100862,10570,1056,38,60),(100863,10571,1014,23.25,11),(100865,10572,1016,17.45,12),(100866,10572,1032,32,10),(100867,10572,1040,18.4,50),(100868,10572,1075,7.75,15),(100869,10573,1017,39,18),(100870,10573,1034,14,40),(100871,10573,1053,32.8,25),(100872,10574,1033,2.5,14),(100873,10574,1040,18.4,2),(100874,10574,1062,49.3,10),(100875,10574,1064,33.25,6),(100876,10575,1059,55,12),(100877,10575,1063,43.9,6),(100879,10575,1076,18,10),(100880,10576,1001,18,10),(100881,10576,1031,12.5,20),(100882,10576,1044,19.45,21),(100883,10577,1039,18,10),(100884,10577,1075,7.75,20),(100885,10577,1077,13,18),(100886,10578,1035,18,20),(100887,10578,1057,19.5,6),(100888,10579,1015,15.5,10),(100889,10579,1075,7.75,21),(100890,10580,1014,23.25,15),(100891,10580,1041,9.65,9),(100892,10580,1065,21.05,30),(100893,10581,1075,7.75,50),(100894,10582,1057,19.5,4),(100895,10582,1076,18,14),(100896,10583,1029,123.79,10),(100897,10583,1060,34,24),(100898,10583,1069,36,10),(100899,10584,1031,12.5,50),(100900,10585,1047,9.5,15),(100901,10586,1052,7,4),(100902,10587,1026,31.23,6),(100903,10587,1035,18,20),(100904,10587,1077,13,20),(100905,10588,1018,62.5,40),(100907,10589,1035,18,4),(100908,10590,1001,18,20),(100909,10590,1077,13,60),(100910,10591,1003,10,14),(100911,10591,1007,30,10),(100912,10591,1054,7.45,50),(100913,10592,1015,15.5,25),(100914,10592,1026,31.23,5),(100915,10593,1020,81,21),(100916,10593,1069,36,20),(100917,10593,1076,18,4),(100918,10594,1052,7,24),(100919,10594,1058,13.25,30),(100920,10595,1035,18,30),(100921,10595,1061,28.5,120),(100922,10595,1069,36,65),(100923,10596,1056,38,5),(100924,10596,1063,43.9,24),(100925,10596,1075,7.75,30),(100926,10597,1024,4.5,35),(100927,10597,1057,19.5,20),(100928,10597,1065,21.05,12),(100929,10598,1027,43.9,50),(100930,10598,1071,21.5,9),(100931,10599,1062,49.3,10),(100932,10600,1054,7.45,4),(100933,10600,1073,15,30),(100934,10601,1013,6,60),(100935,10601,1059,55,35),(100936,10602,1077,13,5),(100937,10603,1022,21,48),(100938,10603,1049,20,25),(100939,10604,1048,12.75,6),(100940,10604,1076,18,10),(100941,10605,1016,17.45,30),(100942,10605,1059,55,20),(100943,10605,1060,34,70),(100944,10605,1071,21.5,15),(100945,10606,1004,22,20),(100946,10606,1055,24,20),(100947,10606,1062,49.3,10),(100948,10607,1007,30,45),(100949,10607,1017,39,100),(100950,10607,1033,2.5,14),(100951,10607,1040,18.4,42),(100953,10608,1056,38,28),(100954,10609,1001,18,3),(100955,10609,1010,31,10),(100956,10609,1021,10,6),(100957,10610,1036,19,21),(100958,10611,1001,18,6),(100959,10611,1002,19,10),(100960,10611,1060,34,15),(100961,10612,1010,31,70),(100962,10612,1036,19,55),(100963,10612,1049,20,18),(100964,10612,1060,34,40),(100965,10612,1076,18,80),(100966,10613,1013,6,8),(100967,10613,1075,7.75,40),(100969,10614,1021,10,8),(100970,10614,1039,18,5),(100971,10615,1055,24,5),(100972,10616,1038,263.5,15),(100973,10616,1056,38,14),(100974,10616,1070,15,15),(100975,10616,1071,21.5,15),(100976,10617,1059,55,30),(100977,10618,1006,25,70),(100978,10618,1056,38,20),(100979,10618,1068,12.5,15),(100980,10619,1021,10,42),(100981,10619,1022,21,40),(100982,10620,1024,4.5,5),(100983,10620,1052,7,5),(100984,10621,1019,9.2,5),(100985,10621,1023,9,10),(100986,10621,1070,15,20),(100987,10621,1071,21.5,15),(100988,10622,1002,19,20),(100989,10622,1068,12.5,18),(100990,10623,1014,23.25,21),(100991,10623,1019,9.2,15),(100992,10623,1021,10,25),(100993,10623,1024,4.5,3),(100994,10623,1035,18,30),(100995,10624,1028,45.6,10),(100996,10624,1029,123.79,6),(100997,10624,1044,19.45,10),(100998,10625,1014,23.25,3),(101000,10625,1060,34,10),(101001,10626,1053,32.8,12),(101002,10626,1060,34,20),(101003,10626,1071,21.5,20),(101004,10627,1062,49.3,15),(101005,10627,1073,15,35),(101006,10628,1001,18,25),(101007,10629,1029,123.79,20),(101008,10629,1064,33.25,9),(101009,10630,1055,24,12),(101010,10630,1076,18,35),(101011,10631,1075,7.75,8),(101012,10632,1002,19,30),(101013,10632,1033,2.5,20),(101014,10633,1012,38,36),(101015,10633,1013,6,13),(101016,10633,1026,31.23,35),(101017,10633,1062,49.3,80),(101018,10634,1007,30,35),(101019,10634,1018,62.5,50),(101020,10634,1051,53,15),(101021,10634,1075,7.75,2),(101022,10635,1004,22,10),(101024,10635,1022,21,40),(101025,10636,1004,22,25),(101026,10636,1058,13.25,6),(101028,10637,1050,16.25,25),(101029,10637,1056,38,60),(101030,10638,1045,9.5,20),(101031,10638,1065,21.05,21),(101033,10639,1018,62.5,8),(101034,10640,1069,36,20),(101035,10640,1070,15,15),(101036,10641,1002,19,50),(101037,10641,1040,18.4,60),(101038,10642,1021,10,30),(101039,10642,1061,28.5,20),(101040,10643,1028,45.6,15),(101041,10643,1039,18,21),(101042,10643,1046,12,2),(101043,10644,1018,62.5,4),(101044,10644,1043,46,20),(101045,10644,1046,12,21),(101046,10645,1018,62.5,20),(101047,10645,1036,19,15),(101048,10646,1001,18,15),(101049,10646,1010,31,18),(101050,10646,1071,21.5,30),(101051,10646,1077,13,35),(101052,10647,1019,9.2,30),(101053,10647,1039,18,20),(101054,10648,1022,21,15),(101055,10648,1024,4.5,15),(101056,10649,1028,45.6,20),(101058,10650,1030,25.89,30),(101059,10650,1053,32.8,25),(101060,10650,1054,7.45,30),(101061,10651,1019,9.2,12),(101062,10651,1022,21,20),(101063,10652,1030,25.89,2),(101065,10653,1016,17.45,30),(101066,10653,1060,34,20),(101067,10654,1004,22,12),(101068,10654,1039,18,20),(101069,10654,1054,7.45,6),(101070,10655,1041,9.65,20),(101071,10656,1014,23.25,3),(101072,10656,1044,19.45,28),(101073,10656,1047,9.5,6),(101074,10657,1015,15.5,50),(101075,10657,1041,9.65,24),(101076,10657,1046,12,45),(101077,10657,1047,9.5,10),(101078,10657,1056,38,45),(101079,10657,1060,34,30),(101080,10658,1021,10,60),(101081,10658,1040,18.4,70),(101082,10658,1060,34,55),(101083,10658,1077,13,70),(101084,10659,1031,12.5,20),(101085,10659,1040,18.4,24),(101086,10659,1070,15,40),(101087,10660,1020,81,21),(101088,10661,1039,18,3),(101089,10661,1058,13.25,49),(101090,10662,1068,12.5,10),(101091,10663,1040,18.4,30),(101093,10663,1051,53,20),(101094,10664,1010,31,24),(101095,10664,1056,38,12),(101096,10664,1065,21.05,15),(101097,10665,1051,53,20),(101098,10665,1059,55,1),(101099,10665,1076,18,10),(101100,10666,1029,123.79,36),(101101,10666,1065,21.05,10),(101102,10667,1069,36,45),(101103,10667,1071,21.5,14),(101104,10668,1031,12.5,8),(101105,10668,1055,24,4),(101106,10668,1064,33.25,15),(101107,10669,1036,19,30),(101108,10670,1023,9,32),(101109,10670,1046,12,60),(101110,10670,1067,14,25),(101111,10670,1073,15,50),(101112,10670,1075,7.75,25),(101113,10671,1016,17.45,10),(101114,10671,1062,49.3,10),(101115,10671,1065,21.05,12),(101116,10672,1038,263.5,15),(101117,10672,1071,21.5,12),(101118,10673,1016,17.45,3),(101120,10673,1043,46,6),(101121,10674,1023,9,5),(101122,10675,1014,23.25,30),(101123,10675,1053,32.8,10),(101124,10675,1058,13.25,30),(101125,10676,1010,31,2),(101126,10676,1019,9.2,7),(101127,10676,1044,19.45,21),(101128,10677,1026,31.23,30),(101129,10677,1033,2.5,8),(101130,10678,1012,38,100),(101131,10678,1033,2.5,30),(101132,10678,1041,9.65,120),(101133,10678,1054,7.45,30),(101134,10679,1059,55,12),(101135,10680,1016,17.45,50),(101136,10680,1031,12.5,20),(101138,10681,1019,9.2,30),(101139,10681,1021,10,12),(101140,10681,1064,33.25,28),(101141,10682,1033,2.5,30),(101142,10682,1066,17,4),(101143,10682,1075,7.75,30),(101144,10683,1052,7,9),(101145,10684,1040,18.4,20),(101146,10684,1047,9.5,40),(101147,10684,1060,34,30),(101148,10685,1010,31,20),(101149,10685,1041,9.65,4),(101150,10685,1047,9.5,15),(101151,10686,1017,39,30),(101152,10686,1026,31.23,15),(101153,10687,1009,150,50),(101154,10687,1029,123.79,10),(101155,10687,1036,19,6),(101156,10688,1010,31,18),(101157,10688,1028,45.6,60),(101158,10688,1034,14,14),(101159,10689,1001,18,35),(101160,10690,1056,38,20),(101161,10690,1077,13,30),(101162,10691,1001,18,30),(101163,10691,1029,123.79,40),(101164,10691,1043,46,40),(101165,10691,1044,19.45,24),(101166,10691,1062,49.3,48),(101167,10692,1063,43.9,20),(101168,10693,1009,150,6),(101169,10693,1054,7.45,60),(101170,10693,1069,36,30),(101171,10693,1073,15,15),(101172,10694,1007,30,90),(101173,10694,1059,55,25),(101174,10694,1070,15,50),(101175,10695,1008,40,10),(101176,10695,1012,38,4),(101177,10695,1024,4.5,20),(101178,10696,1017,39,20),(101179,10696,1046,12,18),(101180,10697,1019,9.2,7),(101181,10697,1035,18,9),(101182,10697,1058,13.25,30),(101183,10697,1070,15,30),(101185,10698,1017,39,8),(101186,10698,1029,123.79,12),(101187,10698,1065,21.05,65),(101188,10698,1070,15,8),(101189,10699,1047,9.5,12),(101190,10700,1001,18,5),(101191,10700,1034,14,12),(101192,10700,1068,12.5,40),(101193,10700,1071,21.5,60),(101194,10701,1059,55,42),(101195,10701,1071,21.5,20),(101196,10701,1076,18,35),(101197,10702,1003,10,6),(101198,10702,1076,18,15),(101199,10703,1002,19,5),(101200,10703,1059,55,35),(101201,10703,1073,15,35),(101202,10704,1004,22,6),(101203,10704,1024,4.5,35),(101204,10704,1048,12.75,24),(101205,10705,1031,12.5,20),(101206,10705,1032,32,4),(101207,10706,1016,17.45,20),(101208,10706,1043,46,24),(101209,10706,1059,55,8),(101210,10707,1055,24,21),(101211,10707,1057,19.5,40),(101212,10707,1070,15,28),(101214,10708,1036,19,5),(101215,10709,1008,40,40),(101216,10709,1051,53,28),(101217,10709,1060,34,10),(101218,10710,1019,9.2,5),(101219,10710,1047,9.5,5),(101220,10711,1019,9.2,12),(101221,10711,1041,9.65,42),(101222,10711,1053,32.8,120),(101223,10712,1053,32.8,3),(101224,10712,1056,38,30),(101225,10713,1010,31,18),(101226,10713,1026,31.23,30),(101227,10713,1045,9.5,110),(101228,10713,1046,12,24),(101229,10714,1002,19,30),(101230,10714,1017,39,27),(101231,10714,1047,9.5,50),(101232,10714,1056,38,18),(101233,10714,1058,13.25,12),(101234,10715,1010,31,21),(101235,10715,1071,21.5,30),(101236,10716,1021,10,5),(101237,10716,1051,53,7),(101238,10716,1061,28.5,10),(101239,10717,1021,10,32),(101240,10717,1054,7.45,15),(101241,10717,1069,36,25),(101242,10718,1012,38,36),(101243,10718,1016,17.45,20),(101244,10718,1036,19,40),(101245,10718,1062,49.3,20),(101246,10719,1018,62.5,12),(101247,10719,1030,25.89,3),(101248,10719,1054,7.45,40),(101249,10720,1035,18,21),(101250,10720,1071,21.5,8),(101251,10721,1044,19.45,50),(101252,10722,1002,19,3),(101253,10722,1031,12.5,50),(101254,10722,1068,12.5,45),(101255,10722,1075,7.75,42),(101256,10723,1026,31.23,15),(101257,10724,1010,31,16),(101258,10724,1061,28.5,5),(101259,10725,1041,9.65,12),(101260,10725,1052,7,4),(101261,10725,1055,24,6),(101262,10726,1004,22,25),(101264,10727,1017,39,20),(101265,10727,1056,38,10),(101266,10727,1059,55,10),(101267,10728,1030,25.89,15),(101268,10728,1040,18.4,6),(101269,10728,1055,24,12),(101270,10728,1060,34,15),(101271,10729,1001,18,50),(101272,10729,1021,10,30),(101273,10729,1050,16.25,40),(101274,10730,1016,17.45,15),(101275,10730,1031,12.5,3),(101276,10730,1065,21.05,10),(101277,10731,1021,10,40),(101278,10731,1051,53,30),(101279,10732,1076,18,20),(101280,10733,1014,23.25,16),(101281,10733,1028,45.6,20),(101282,10733,1052,7,25),(101283,10734,1006,25,30),(101284,10734,1030,25.89,15),(101285,10734,1076,18,20),(101286,10735,1061,28.5,20),(101287,10735,1077,13,2),(101288,10736,1065,21.05,40),(101289,10736,1075,7.75,20),(101290,10737,1013,6,4),(101291,10737,1041,9.65,12),(101292,10738,1016,17.45,3),(101293,10739,1036,19,6),(101294,10739,1052,7,18),(101295,10740,1028,45.6,5),(101296,10740,1035,18,35),(101297,10740,1045,9.5,40),(101298,10740,1056,38,14),(101299,10741,1002,19,15),(101300,10742,1003,10,20),(101301,10742,1060,34,50),(101303,10743,1046,12,28),(101304,10744,1040,18.4,50),(101305,10745,1018,62.5,24),(101306,10745,1044,19.45,16),(101307,10745,1059,55,45),(101309,10746,1013,6,6),(101311,10746,1062,49.3,9),(101312,10746,1069,36,40),(101313,10747,1031,12.5,8),(101314,10747,1041,9.65,35),(101315,10747,1063,43.9,9),(101316,10747,1069,36,30),(101317,10748,1023,9,44),(101318,10748,1040,18.4,40),(101319,10748,1056,38,28),(101320,10749,1056,38,15),(101321,10749,1059,55,6),(101322,10749,1076,18,10),(101323,10750,1014,23.25,5),(101324,10750,1045,9.5,40),(101325,10750,1059,55,25),(101326,10751,1026,31.23,12),(101327,10751,1030,25.89,30),(101328,10751,1050,16.25,20),(101329,10751,1073,15,15),(101330,10752,1001,18,8),(101331,10752,1069,36,3),(101332,10753,1045,9.5,4),(101333,10753,1074,10,5),(101334,10754,1040,18.4,3),(101335,10755,1047,9.5,30),(101336,10755,1056,38,30),(101337,10755,1057,19.5,14),(101338,10755,1069,36,25),(101339,10756,1018,62.5,21),(101340,10756,1036,19,20),(101341,10756,1068,12.5,6),(101342,10756,1069,36,20),(101343,10757,1034,14,30),(101344,10757,1059,55,7),(101345,10757,1062,49.3,30),(101346,10757,1064,33.25,24),(101347,10758,1026,31.23,20),(101348,10758,1052,7,60),(101349,10758,1070,15,40),(101350,10759,1032,32,10),(101351,10760,1025,14,12),(101352,10760,1027,43.9,40),(101353,10760,1043,46,30),(101354,10761,1025,14,35),(101355,10761,1075,7.75,18),(101356,10762,1039,18,16),(101357,10762,1047,9.5,30),(101358,10762,1051,53,28),(101359,10762,1056,38,60),(101360,10763,1021,10,40),(101361,10763,1022,21,6),(101362,10763,1024,4.5,20),(101363,10764,1003,10,20),(101364,10764,1039,18,130),(101365,10765,1065,21.05,80),(101366,10766,1002,19,40),(101367,10766,1007,30,35),(101368,10766,1068,12.5,40),(101370,10768,1022,21,4),(101371,10768,1031,12.5,50),(101372,10768,1060,34,15),(101373,10768,1071,21.5,12),(101374,10769,1041,9.65,30),(101375,10769,1052,7,15),(101376,10769,1061,28.5,20),(101377,10769,1062,49.3,15),(101379,10771,1071,21.5,16),(101380,10772,1029,123.79,18),(101381,10772,1059,55,25),(101382,10773,1017,39,33),(101383,10773,1031,12.5,70),(101384,10773,1075,7.75,7),(101385,10774,1031,12.5,2),(101386,10774,1066,17,50),(101387,10775,1010,31,6),(101388,10775,1067,14,3),(101389,10776,1031,12.5,16),(101391,10776,1045,9.5,27),(101392,10776,1051,53,120),(101394,10778,1041,9.65,10),(101395,10779,1016,17.45,20),(101396,10779,1062,49.3,20),(101397,10780,1070,15,35),(101398,10780,1077,13,15),(101399,10781,1054,7.45,3),(101400,10781,1056,38,20),(101401,10781,1074,10,35),(101402,10782,1031,12.5,1),(101403,10783,1031,12.5,10),(101404,10783,1038,263.5,5),(101405,10784,1036,19,30),(101406,10784,1039,18,2),(101408,10785,1010,31,10),(101409,10785,1075,7.75,10),(101410,10786,1008,40,30),(101411,10786,1030,25.89,15),(101412,10786,1075,7.75,42),(101413,10787,1002,19,15),(101414,10787,1029,123.79,20),(101415,10788,1019,9.2,50),(101416,10788,1075,7.75,40),(101417,10789,1018,62.5,30),(101418,10789,1035,18,15),(101419,10789,1063,43.9,30),(101420,10789,1068,12.5,18),(101421,10790,1007,30,3),(101422,10790,1056,38,20),(101423,10791,1029,123.79,14),(101424,10791,1041,9.65,20),(101425,10792,1002,19,10),(101426,10792,1054,7.45,3),(101427,10792,1068,12.5,15),(101428,10793,1041,9.65,14),(101429,10793,1052,7,8),(101430,10794,1014,23.25,15),(101431,10794,1054,7.45,6),(101432,10795,1016,17.45,65),(101433,10795,1017,39,35),(101434,10796,1026,31.23,21),(101435,10796,1044,19.45,10),(101436,10796,1064,33.25,35),(101437,10796,1069,36,24),(101439,10798,1062,49.3,2),(101441,10799,1013,6,20),(101442,10799,1024,4.5,20),(101443,10799,1059,55,25),(101445,10800,1051,53,10),(101446,10800,1054,7.45,7),(101447,10801,1017,39,40),(101448,10801,1029,123.79,20),(101449,10802,1030,25.89,25),(101450,10802,1051,53,30),(101451,10802,1055,24,60),(101452,10802,1062,49.3,5),(101453,10803,1019,9.2,24),(101454,10803,1025,14,15),(101455,10803,1059,55,15),(101456,10804,1010,31,36),(101457,10804,1028,45.6,24),(101458,10804,1049,20,4),(101459,10805,1034,14,10),(101460,10805,1038,263.5,10),(101461,10806,1002,19,20),(101462,10806,1065,21.05,2),(101463,10806,1074,10,15),(101464,10807,1040,18.4,1),(101465,10808,1056,38,20),(101466,10808,1076,18,50),(101467,10809,1052,7,20),(101468,10810,1013,6,7),(101469,10810,1025,14,5),(101470,10810,1070,15,5),(101471,10811,1019,9.2,15),(101472,10811,1023,9,18),(101473,10811,1040,18.4,30),(101474,10812,1031,12.5,16),(101476,10812,1077,13,20),(101477,10813,1002,19,12),(101478,10813,1046,12,35),(101479,10814,1041,9.65,20),(101480,10814,1043,46,20),(101481,10814,1048,12.75,8),(101482,10814,1061,28.5,30),(101483,10815,1033,2.5,16),(101484,10816,1038,263.5,30),(101485,10816,1062,49.3,20),(101486,10817,1026,31.23,40),(101487,10817,1038,263.5,30),(101488,10817,1040,18.4,60),(101489,10817,1062,49.3,25),(101490,10818,1032,32,20),(101491,10818,1041,9.65,20),(101492,10819,1043,46,7),(101493,10819,1075,7.75,20),(101494,10820,1056,38,30),(101495,10821,1035,18,20),(101496,10821,1051,53,6),(101497,10822,1062,49.3,3),(101498,10822,1070,15,6),(101500,10823,1057,19.5,15),(101501,10823,1059,55,40),(101502,10823,1077,13,15),(101503,10824,1041,9.65,12),(101504,10824,1070,15,9),(101505,10825,1026,31.23,12),(101506,10825,1053,32.8,20),(101507,10826,1031,12.5,35),(101508,10826,1057,19.5,15),(101509,10827,1010,31,15),(101510,10827,1039,18,21),(101511,10828,1020,81,5),(101512,10828,1038,263.5,2),(101513,10829,1002,19,10),(101514,10829,1008,40,20),(101515,10829,1013,6,10),(101516,10829,1060,34,21),(101517,10830,1006,25,6),(101518,10830,1039,18,28),(101519,10830,1060,34,30),(101520,10830,1068,12.5,24),(101521,10831,1019,9.2,2),(101522,10831,1035,18,8),(101523,10831,1038,263.5,8),(101524,10831,1043,46,9),(101525,10832,1013,6,3),(101526,10832,1025,14,10),(101527,10832,1044,19.45,16),(101528,10832,1064,33.25,3),(101529,10833,1007,30,20),(101530,10833,1031,12.5,9),(101531,10833,1053,32.8,9),(101532,10834,1029,123.79,8),(101533,10834,1030,25.89,20),(101534,10835,1059,55,15),(101535,10835,1077,13,2),(101536,10836,1022,21,52),(101537,10836,1035,18,6),(101538,10836,1057,19.5,24),(101539,10836,1060,34,60),(101540,10836,1064,33.25,30),(101541,10837,1013,6,6),(101542,10837,1040,18.4,25),(101543,10837,1047,9.5,40),(101544,10837,1076,18,21),(101545,10838,1001,18,4),(101546,10838,1018,62.5,25),(101547,10838,1036,19,50),(101548,10839,1058,13.25,30),(101550,10840,1025,14,6),(101551,10840,1039,18,10),(101552,10841,1010,31,16),(101553,10841,1056,38,30),(101554,10841,1059,55,50),(101555,10841,1077,13,15),(101557,10842,1043,46,5),(101558,10842,1068,12.5,20),(101559,10842,1070,15,12),(101560,10843,1051,53,4),(101561,10844,1022,21,35),(101562,10845,1023,9,70),(101563,10845,1035,18,25),(101565,10845,1058,13.25,60),(101566,10845,1064,33.25,48),(101567,10846,1004,22,21),(101568,10846,1070,15,30),(101569,10846,1074,10,20),(101570,10847,1001,18,80),(101571,10847,1019,9.2,12),(101572,10847,1037,26,60),(101573,10847,1045,9.5,36),(101574,10847,1060,34,45),(101575,10847,1071,21.5,55),(101577,10848,1009,150,3),(101578,10849,1003,10,49),(101579,10849,1026,31.23,18),(101580,10850,1025,14,20),(101581,10850,1033,2.5,4),(101582,10850,1070,15,30),(101583,10851,1002,19,5),(101584,10851,1025,14,10),(101585,10851,1057,19.5,10),(101586,10851,1059,55,42),(101587,10852,1002,19,15),(101588,10852,1017,39,6),(101589,10852,1062,49.3,50),(101590,10853,1018,62.5,10),(101591,10854,1010,31,100),(101592,10854,1013,6,65),(101593,10855,1016,17.45,50),(101594,10855,1031,12.5,14),(101595,10855,1056,38,24),(101596,10855,1065,21.05,15),(101597,10856,1002,19,20),(101599,10857,1003,10,30),(101600,10857,1026,31.23,35),(101601,10857,1029,123.79,10),(101602,10858,1007,30,5),(101603,10858,1027,43.9,10),(101604,10858,1070,15,4),(101605,10859,1024,4.5,40),(101606,10859,1054,7.45,35),(101607,10859,1064,33.25,30),(101608,10860,1051,53,3),(101609,10860,1076,18,20),(101610,10861,1017,39,42),(101611,10861,1018,62.5,20),(101612,10861,1021,10,40),(101613,10861,1033,2.5,35),(101614,10861,1062,49.3,3),(101616,10862,1052,7,8),(101617,10863,1001,18,20),(101618,10863,1058,13.25,12),(101619,10864,1035,18,4),(101620,10864,1067,14,15),(101621,10865,1038,263.5,60),(101622,10865,1039,18,80),(101623,10866,1002,19,21),(101624,10866,1024,4.5,6),(101625,10866,1030,25.89,40),(101626,10867,1053,32.8,3),(101627,10868,1026,31.23,20),(101628,10868,1035,18,30),(101629,10868,1049,20,42),(101630,10869,1001,18,40),(101632,10869,1023,9,50),(101633,10869,1068,12.5,20),(101634,10870,1035,18,3),(101635,10870,1051,53,2),(101636,10871,1006,25,50),(101637,10871,1016,17.45,12),(101638,10871,1017,39,16),(101639,10872,1055,24,10),(101640,10872,1062,49.3,20),(101641,10872,1064,33.25,15),(101642,10872,1065,21.05,21),(101643,10873,1021,10,20),(101644,10873,1028,45.6,3),(101645,10874,1010,31,10),(101646,10875,1019,9.2,25),(101647,10875,1047,9.5,21),(101648,10875,1049,20,15),(101649,10876,1046,12,21),(101650,10876,1064,33.25,20),(101651,10877,1016,17.45,30),(101652,10877,1018,62.5,25),(101653,10878,1020,81,20),(101654,10879,1040,18.4,12),(101655,10879,1065,21.05,10),(101656,10879,1076,18,10),(101657,10880,1023,9,30),(101658,10880,1061,28.5,30),(101659,10880,1070,15,50),(101660,10881,1073,15,10),(101662,10882,1049,20,20),(101663,10882,1054,7.45,32),(101664,10883,1024,4.5,8),(101665,10884,1021,10,40),(101666,10884,1056,38,21),(101667,10884,1065,21.05,12),(101668,10885,1002,19,20),(101669,10885,1024,4.5,12),(101670,10885,1070,15,30),(101671,10885,1077,13,25),(101672,10886,1010,31,70),(101673,10886,1031,12.5,35),(101674,10886,1077,13,40),(101675,10887,1025,14,5),(101676,10888,1002,19,20),(101677,10888,1068,12.5,18),(101679,10889,1038,263.5,40),(101680,10890,1017,39,15),(101681,10890,1034,14,10),(101682,10890,1041,9.65,14),(101683,10891,1030,25.89,15),(101684,10892,1059,55,40),(101685,10893,1008,40,30),(101686,10893,1024,4.5,10),(101687,10893,1029,123.79,24),(101688,10893,1030,25.89,35),(101689,10893,1036,19,20),(101690,10894,1013,6,28),(101691,10894,1069,36,50),(101692,10894,1075,7.75,120),(101693,10895,1024,4.5,110),(101694,10895,1039,18,45),(101695,10895,1040,18.4,91),(101696,10895,1060,34,100),(101697,10896,1045,9.5,15),(101698,10896,1056,38,16),(101699,10897,1029,123.79,80),(101700,10897,1030,25.89,36),(101701,10898,1013,6,5),(101702,10899,1039,18,8),(101703,10900,1070,15,3),(101704,10901,1041,9.65,30),(101705,10901,1071,21.5,30),(101706,10902,1055,24,30),(101707,10902,1062,49.3,6),(101708,10903,1013,6,40),(101709,10903,1065,21.05,21),(101710,10903,1068,12.5,20),(101711,10904,1058,13.25,15),(101712,10904,1062,49.3,35),(101713,10905,1001,18,20),(101714,10906,1061,28.5,15),(101715,10907,1075,7.75,14),(101716,10908,1007,30,20),(101717,10908,1052,7,14),(101718,10909,1007,30,12),(101719,10909,1016,17.45,15),(101720,10909,1041,9.65,5),(101721,10910,1019,9.2,12),(101722,10910,1049,20,10),(101723,10910,1061,28.5,5),(101724,10911,1001,18,10),(101725,10911,1017,39,12),(101726,10911,1067,14,15),(101728,10912,1029,123.79,60),(101729,10913,1004,22,30),(101730,10913,1033,2.5,40),(101731,10913,1058,13.25,15),(101732,10914,1071,21.5,25),(101733,10915,1017,39,10),(101734,10915,1033,2.5,30),(101735,10915,1054,7.45,10),(101736,10916,1016,17.45,6),(101737,10916,1032,32,6),(101738,10916,1057,19.5,20),(101739,10917,1030,25.89,1),(101740,10917,1060,34,10),(101741,10918,1001,18,60),(101742,10918,1060,34,25),(101743,10919,1016,17.45,24),(101744,10919,1025,14,24),(101745,10919,1040,18.4,20),(101746,10920,1050,16.25,24),(101747,10921,1035,18,10),(101748,10921,1063,43.9,40),(101749,10922,1017,39,15),(101750,10922,1024,4.5,35),(101752,10923,1043,46,10),(101753,10923,1067,14,24),(101754,10924,1010,31,20),(101755,10924,1028,45.6,30),(101756,10924,1075,7.75,6),(101757,10925,1036,19,25),(101758,10925,1052,7,12),(101760,10926,1013,6,10),(101761,10926,1019,9.2,7),(101763,10927,1020,81,5),(101764,10927,1052,7,5),(101765,10927,1076,18,20),(101766,10928,1047,9.5,5),(101767,10928,1076,18,5),(101768,10929,1021,10,60),(101769,10929,1075,7.75,49),(101770,10929,1077,13,15),(101771,10930,1021,10,36),(101772,10930,1027,43.9,25),(101773,10930,1055,24,25),(101774,10930,1058,13.25,30),(101775,10931,1013,6,42),(101776,10931,1057,19.5,30),(101777,10932,1016,17.45,30),(101778,10932,1062,49.3,14),(101780,10932,1075,7.75,20),(101781,10933,1053,32.8,2),(101782,10933,1061,28.5,30),(101783,10934,1006,25,20),(101784,10935,1001,18,21),(101785,10935,1018,62.5,4),(101786,10935,1023,9,8),(101787,10936,1036,19,30),(101788,10937,1028,45.6,8),(101789,10937,1034,14,20),(101790,10938,1013,6,20),(101791,10938,1043,46,24),(101792,10938,1060,34,49),(101793,10938,1071,21.5,35),(101794,10939,1002,19,10),(101795,10939,1067,14,40),(101796,10940,1007,30,8),(101797,10940,1013,6,20),(101798,10941,1031,12.5,44),(101799,10941,1062,49.3,30),(101800,10941,1068,12.5,80),(101802,10942,1049,20,28),(101803,10943,1013,6,15),(101804,10943,1022,21,21),(101805,10943,1046,12,15),(101807,10944,1044,19.45,18),(101808,10944,1056,38,18),(101809,10945,1013,6,20),(101810,10945,1031,12.5,10),(101811,10946,1010,31,25),(101812,10946,1024,4.5,25),(101813,10946,1077,13,40),(101814,10947,1059,55,4),(101815,10948,1050,16.25,9),(101816,10948,1051,53,40),(101817,10948,1055,24,4),(101818,10949,1006,25,12),(101819,10949,1010,31,30),(101820,10949,1017,39,6),(101821,10949,1062,49.3,60),(101822,10950,1004,22,5),(101823,10951,1033,2.5,15),(101824,10951,1041,9.65,6),(101825,10951,1075,7.75,50),(101826,10952,1006,25,16),(101827,10952,1028,45.6,2),(101828,10953,1020,81,50),(101829,10953,1031,12.5,50),(101830,10954,1016,17.45,28),(101831,10954,1031,12.5,25),(101832,10954,1045,9.5,30),(101833,10954,1060,34,24),(101834,10955,1075,7.75,12),(101835,10956,1021,10,12),(101836,10956,1047,9.5,14),(101837,10956,1051,53,8),(101838,10957,1030,25.89,30),(101839,10957,1035,18,40),(101840,10957,1064,33.25,8),(101842,10958,1007,30,6),(101844,10959,1075,7.75,20),(101845,10960,1024,4.5,10),(101846,10960,1041,9.65,24),(101847,10961,1052,7,6),(101848,10961,1076,18,60),(101849,10962,1007,30,45),(101850,10962,1013,6,77),(101851,10962,1053,32.8,20),(101852,10962,1069,36,9),(101853,10962,1076,18,44),(101854,10963,1060,34,2),(101855,10964,1018,62.5,6),(101856,10964,1038,263.5,5),(101857,10964,1069,36,10),(101858,10965,1051,53,16),(101859,10966,1037,26,8),(101860,10966,1056,38,12),(101861,10966,1062,49.3,12),(101862,10967,1019,9.2,12),(101863,10967,1049,20,40),(101864,10968,1012,38,30),(101865,10968,1024,4.5,30),(101866,10968,1064,33.25,4),(101867,10969,1046,12,9),(101868,10970,1052,7,40),(101869,10971,1029,123.79,14),(101870,10972,1017,39,6),(101871,10972,1033,2.5,7),(101872,10973,1026,31.23,5),(101873,10973,1041,9.65,6),(101874,10973,1075,7.75,10),(101875,10974,1063,43.9,10),(101876,10975,1008,40,16),(101877,10975,1075,7.75,10),(101878,10976,1028,45.6,20),(101879,10977,1039,18,30),(101880,10977,1047,9.5,30),(101881,10977,1051,53,10),(101882,10977,1063,43.9,20),(101883,10978,1008,40,20),(101884,10978,1021,10,40),(101885,10978,1040,18.4,10),(101886,10978,1044,19.45,6),(101887,10979,1007,30,18),(101888,10979,1012,38,20),(101889,10979,1024,4.5,80),(101890,10979,1027,43.9,30),(101891,10979,1031,12.5,24),(101892,10979,1063,43.9,35),(101893,10980,1075,7.75,40),(101894,10981,1038,263.5,60),(101895,10982,1007,30,20),(101896,10982,1043,46,9),(101897,10983,1013,6,84),(101898,10983,1057,19.5,15),(101899,10984,1016,17.45,55),(101900,10984,1024,4.5,20),(101901,10984,1036,19,40),(101902,10985,1016,17.45,36),(101903,10985,1018,62.5,8),(101904,10985,1032,32,35),(101906,10986,1020,81,15),(101907,10986,1076,18,10),(101908,10986,1077,13,15),(101909,10987,1007,30,60),(101910,10987,1043,46,6),(101912,10988,1007,30,60),(101913,10988,1062,49.3,40),(101914,10989,1006,25,40),(101916,10989,1041,9.65,4),(101917,10990,1021,10,65),(101918,10990,1034,14,60),(101919,10990,1055,24,65),(101920,10990,1061,28.5,66),(101921,10991,1002,19,50),(101922,10991,1070,15,20),(101923,10991,1076,18,90),(101925,10993,1029,123.79,50),(101926,10993,1041,9.65,35),(101927,10994,1059,55,18),(101928,10995,1051,53,20),(101929,10995,1060,34,4),(101931,10997,1032,32,50),(101932,10997,1046,12,20),(101933,10997,1052,7,20),(101934,10998,1024,4.5,12),(101935,10998,1061,28.5,7),(101936,10998,1074,10,20),(101937,10998,1075,7.75,30),(101938,10999,1041,9.65,20),(101939,10999,1051,53,15),(101940,10999,1077,13,21),(101941,11000,1004,22,25),(101942,11000,1024,4.5,30),(101943,11000,1077,13,30),(101944,11001,1007,30,60),(101945,11001,1022,21,25),(101946,11001,1046,12,25),(101947,11001,1055,24,6),(101948,11002,1013,6,56),(101949,11002,1035,18,15),(101951,11002,1055,24,40),(101952,11003,1001,18,4),(101953,11003,1040,18.4,10),(101954,11003,1052,7,10),(101955,11004,1026,31.23,6),(101956,11004,1076,18,6),(101957,11005,1001,18,2),(101958,11005,1059,55,10),(101959,11006,1001,18,8),(101960,11006,1029,123.79,2),(101961,11007,1008,40,30),(101962,11007,1029,123.79,10),(101964,11008,1028,45.6,70),(101965,11008,1034,14,90),(101966,11008,1071,21.5,21),(101967,11009,1024,4.5,12),(101968,11009,1036,19,18),(101969,11009,1060,34,9),(101970,11010,1007,30,20),(101971,11010,1024,4.5,10),(101972,11011,1058,13.25,40),(101973,11011,1071,21.5,20),(101974,11012,1019,9.2,50),(101975,11012,1060,34,36),(101976,11012,1071,21.5,60),(101977,11013,1023,9,10),(101979,11013,1045,9.5,20),(101980,11013,1068,12.5,2),(101981,11014,1041,9.65,28),(101982,11015,1030,25.89,15),(101983,11015,1077,13,18),(101984,11016,1031,12.5,15),(101985,11016,1036,19,16),(101986,11017,1003,10,25),(101987,11017,1059,55,110),(101988,11017,1070,15,30),(101989,11018,1012,38,20),(101990,11018,1018,62.5,10),(101991,11018,1056,38,5),(101992,11019,1046,12,3),(101993,11019,1049,20,2),(101994,11020,1010,31,24),(101995,11021,1002,19,11),(101996,11021,1020,81,15),(101997,11021,1026,31.23,63),(101998,11021,1051,53,44),(102000,11022,1019,9.2,35),(102001,11022,1069,36,30),(102002,11023,1007,30,4),(102003,11023,1043,46,30),(102004,11024,1026,31.23,12),(102005,11024,1033,2.5,30),(102006,11024,1065,21.05,21),(102007,11024,1071,21.5,50),(102008,11025,1001,18,10),(102009,11025,1013,6,20),(102010,11026,1018,62.5,8),(102011,11026,1051,53,10),(102012,11027,1024,4.5,30),(102013,11027,1062,49.3,21),(102014,11028,1055,24,35),(102015,11028,1059,55,24),(102016,11029,1056,38,20),(102017,11029,1063,43.9,12),(102018,11030,1002,19,100),(102020,11030,1029,123.79,60),(102021,11030,1059,55,100),(102022,11031,1001,18,45),(102023,11031,1013,6,80),(102024,11031,1024,4.5,21),(102025,11031,1064,33.25,20),(102026,11031,1071,21.5,16),(102027,11032,1036,19,35),(102028,11032,1038,263.5,25),(102029,11032,1059,55,30),(102030,11033,1053,32.8,70),(102031,11033,1069,36,36),(102032,11034,1021,10,15),(102033,11034,1044,19.45,12),(102034,11034,1061,28.5,6),(102035,11035,1001,18,10),(102036,11035,1035,18,60),(102038,11035,1054,7.45,10),(102039,11036,1013,6,7),(102040,11036,1059,55,30),(102041,11037,1070,15,4),(102042,11038,1040,18.4,5),(102043,11038,1052,7,2),(102044,11038,1071,21.5,30),(102045,11039,1028,45.6,20),(102046,11039,1035,18,24),(102047,11039,1049,20,60),(102048,11039,1057,19.5,28),(102049,11040,1021,10,20),(102050,11041,1002,19,30),(102051,11041,1063,43.9,30),(102052,11042,1044,19.45,15),(102053,11042,1061,28.5,4),(102055,11044,1062,49.3,12),(102056,11045,1033,2.5,15),(102057,11045,1051,53,24),(102058,11046,1012,38,20),(102059,11046,1032,32,15),(102060,11046,1035,18,18),(102061,11047,1001,18,25),(102063,11048,1068,12.5,42),(102064,11049,1002,19,10),(102065,11049,1012,38,4),(102066,11050,1076,18,50),(102067,11051,1024,4.5,10),(102068,11052,1043,46,30),(102069,11052,1061,28.5,10),(102070,11053,1018,62.5,35),(102071,11053,1032,32,20),(102072,11053,1064,33.25,25),(102073,11054,1033,2.5,10),(102074,11054,1067,14,20),(102075,11055,1024,4.5,15),(102076,11055,1025,14,15),(102077,11055,1051,53,20),(102078,11055,1057,19.5,20),(102079,11056,1007,30,40),(102080,11056,1055,24,35),(102081,11056,1060,34,50),(102082,11057,1070,15,3),(102083,11058,1021,10,3),(102084,11058,1060,34,21),(102085,11058,1061,28.5,4),(102086,11059,1013,6,30),(102087,11059,1017,39,12),(102088,11059,1060,34,35),(102089,11060,1060,34,4),(102090,11060,1077,13,10),(102091,11061,1060,34,15),(102092,11062,1053,32.8,10),(102093,11062,1070,15,12),(102094,11063,1034,14,30),(102095,11063,1040,18.4,40),(102096,11063,1041,9.65,30),(102097,11064,1017,39,77),(102098,11064,1041,9.65,12),(102099,11064,1053,32.8,25),(102100,11064,1055,24,4),(102101,11064,1068,12.5,55),(102102,11065,1030,25.89,4),(102103,11065,1054,7.45,20),(102104,11066,1016,17.45,3),(102105,11066,1019,9.2,42),(102106,11066,1034,14,35),(102107,11067,1041,9.65,9),(102108,11068,1028,45.6,8),(102109,11068,1043,46,36),(102110,11068,1077,13,28),(102111,11069,1039,18,20),(102112,11070,1001,18,40),(102113,11070,1002,19,20),(102114,11070,1016,17.45,30),(102115,11070,1031,12.5,20),(102116,11071,1007,30,15),(102117,11071,1013,6,10),(102118,11072,1002,19,8),(102119,11072,1041,9.65,40),(102120,11072,1050,16.25,22),(102121,11072,1064,33.25,130),(102123,11073,1024,4.5,20),(102124,11074,1016,17.45,14),(102125,11075,1002,19,10),(102126,11075,1046,12,30),(102127,11075,1076,18,2),(102128,11076,1006,25,20),(102129,11076,1014,23.25,20),(102130,11076,1019,9.2,10),(102131,11077,1002,19,24),(102132,11077,1003,10,4),(102133,11077,1004,22,1),(102134,11077,1006,25,1),(102135,11077,1007,30,1),(102136,11077,1008,40,2),(102137,11077,1010,31,1),(102138,11077,1012,38,2),(102139,11077,1013,6,4),(102140,11077,1014,23.25,1),(102141,11077,1016,17.45,2),(102142,11077,1020,81,1),(102143,11077,1023,9,2),(102144,11077,1032,32,1),(102145,11077,1039,18,2),(102146,11077,1041,9.65,3),(102147,11077,1046,12,3),(102148,11077,1052,7,2),(102149,11077,1055,24,2),(102150,11077,1060,34,2),(102151,11077,1064,33.25,2),(102152,11077,1066,17,1),(102153,11077,1073,15,2),(102154,11077,1075,7.75,4),(102155,11077,1077,13,2),(102316,10250,1009,150,5),(102494,11200,1042,14,1),(102495,11200,1022,21,1),(102496,11200,1023,9,1),(102505,11209,1019,9.2,4),(102506,11209,1016,17.45,4),(102507,11209,1005,21.35,7),(102508,11209,1003,10,1),(102509,11209,1006,25,1),(102510,11209,1031,12.5,1),(102511,11210,1019,9.2,4),(102512,11210,1016,17.45,4),(102513,11210,1005,21.35,7),(102514,11210,1003,10,1),(102515,11210,1006,25,2),(102516,11210,1031,12.5,1),(102517,11211,1019,9.2,4),(102518,11211,1016,17.45,4),(102519,11211,1005,21.35,7),(102520,11211,1003,10,1),(102521,11211,1006,25,2),(102522,11211,1031,12.5,1),(102523,11212,1019,9.2,4),(102524,11212,1016,17.45,4),(102525,11212,1005,21.35,7),(102526,11212,1003,10,1),(102527,11212,1006,25,2),(102528,11212,1031,12.5,1),(102529,11213,1003,10,10),(102530,11213,1005,21.35,9),(102531,11213,1004,22,15),(102532,11213,1017,39,8),(102533,11213,1016,17.45,7),(102534,11213,1029,123.79,1),(102535,11213,1009,97,1),(102536,11213,1053,32.8,1),(102537,11213,1054,7.45,1),(102538,11213,1055,24,1),(102539,11213,1037,26,1),(102540,11213,1036,19,1),(102541,11213,1030,25.89,1),(102542,11213,1010,31,1),(102543,11213,1013,6,1),(102544,11213,1018,62.5,1),(112505,21205,1016,17.45,1),(112506,21205,1019,9.2,2),(112507,21205,1025,14,7),(112508,21207,1006,25,1),(112509,21207,1004,22,1),(112510,21207,1003,10,1),(112511,21208,1006,25,1),(112512,21208,1056,38,1),(112513,21208,1057,19.5,1),(112514,21208,1052,7,1),(112515,21209,1031,12.5,1),(112516,21209,1012,38,7),(112517,21209,1011,21,6),(112518,21209,1014,23.25,7),(112519,21209,1007,30,2),(112520,21209,1028,45.6,1),(122505,31205,1006,25,1),(122506,31205,1004,22,19),(122507,31205,1001,190,5),(122508,31206,1029,123.79,5),(122509,31206,1017,39,6),(122510,31206,1009,97,5),(122511,31207,1013,6,1),(122512,31207,1010,31,7),(122513,31207,1004,22,6),(122514,31207,1003,10,1),(122515,31207,1015,15.5,2),(132505,41205,1074,10,1),(132506,41206,1024,4.5,1),(132507,41206,1038,263.5,8),(132508,41206,1035,18,6),(132509,41208,1014,23.25,3),(132510,41208,1007,30,1),(132511,41208,1028,45.6,6),(132512,41208,1074,10,5),(132513,41208,1051,53,4),(142505,51205,1024,4.5,8),(142506,51205,1014,23.25,1),(142507,51205,1028,45.6,7),(152505,61205,1002,19,1),(152506,61205,1001,190,2),(162505,71205,1029,123.79,2),(162506,71205,1019,9.2,5),(162507,71206,1042,14,7),(162508,71206,1024,4.5,15),(162509,71206,1002,19,9),(162510,71206,1001,190,9),(162511,71206,1075,7.75,5),(162512,71206,1081,19,2),(162513,71206,1070,15,1),(162514,71206,1022,21,1),(162515,71206,1019,9.2,12),(172505,81206,1012,38,5),(172506,81206,1031,12.5,6),(172507,81206,1028,45.6,15),(172508,81207,1019,9.2,2),(172509,81207,1016,17.45,2),(172510,81207,1005,21.35,2),(172511,81207,1042,14,1),(172512,81208,1013,6,1),(172513,81208,1014,23.25,8),(172514,81208,1002,19,8),(172515,81209,1006,25,1),(172516,81209,1004,22,4),(172517,81210,1016,17.45,4),(172518,81211,1014,23.25,1),(172519,81211,1028,45.6,1),(172520,81211,1007,30,1),(172521,81212,1004,22,1),(172522,81212,1003,10,6),(172523,81212,1006,25,5),(182505,91205,1042,14,3),(182506,91205,1023,9,3),(182507,91205,1022,21,1),(192505,101205,1003,10,1),(192506,101205,1004,22,5),(192507,101205,1006,25,3),(202505,111205,1006,25,1),(202506,111205,1004,22,1),(202507,111205,1012,38,3),(202508,111205,1011,21,2),(202509,111205,1031,12.5,2),(202510,111206,1016,17.45,1),(202511,111206,1005,21.35,1),(202512,111206,1019,9.2,1),(212505,121205,1003,10,1),(212506,121205,1002,19,1),(212507,121205,1001,190,1),(212508,121206,1023,9,1),(212509,121206,1022,21,3),(212510,121206,1042,14,1),(212511,121206,1017,39,1);
/*!40000 ALTER TABLE `orderdetails` ENABLE KEYS */;
UNLOCK TABLES;

--
-- Table structure for table `orders`
--

DROP TABLE IF EXISTS `orders`;
/*!40101 SET @saved_cs_client     = @@character_set_client */;
/*!50503 SET character_set_client = utf8mb4 */;
CREATE TABLE `orders` (
  `Id` bigint NOT NULL COMMENT 'Mã hóa đơn',
  `Username` varchar(50) CHARACTER SET utf8mb4 COLLATE utf8mb4_0900_ai_ci NOT NULL COMMENT 'Mã khách hàng',
  `CreateDate` timestamp NOT NULL DEFAULT CURRENT_TIMESTAMP COMMENT 'Ngày đặt hàng',
  `Address` varchar(100) CHARACTER SET utf8mb4 COLLATE utf8mb4_0900_ai_ci NOT NULL COMMENT 'Địa chỉ nhận',
  PRIMARY KEY (`Id`),
  KEY `FK_Orders_Customers` (`Username`),
  CONSTRAINT `FK_Orders_Customers` FOREIGN KEY (`Username`) REFERENCES `accounts` (`Username`) ON DELETE CASCADE ON UPDATE CASCADE
) ENGINE=InnoDB DEFAULT CHARSET=utf8mb4 COLLATE=utf8mb4_0900_ai_ci;
/*!40101 SET character_set_client = @saved_cs_client */;

--
-- Dumping data for table `orders`
--

LOCK TABLES `orders` WRITE;
/*!40000 ALTER TABLE `orders` DISABLE KEYS */;
INSERT INTO `orders` VALUES (10249,'TOMSP','1996-07-04 17:00:00','Luisenstr. 48'),(10250,'HANAR','1996-07-07 17:00:00','Rua do Paço, 67'),(10251,'VICTE','1996-07-07 17:00:00','2, rue du Commerce'),(10252,'SUPRD','1996-07-08 17:00:00','Boulevard Tirou, 255'),(10253,'HANAR','1996-07-09 17:00:00','Rua do Paço, 67'),(10254,'CHOPS','1996-07-10 17:00:00','Hauptstr. 31'),(10255,'RICSU','1996-07-11 17:00:00','Starenweg 5'),(10256,'WELLI','1996-07-14 17:00:00','Rua do Mercado, 12'),(10257,'HILAA','1996-07-15 17:00:00','Carrera 22 con Ave. Carlos Soublette #8-35'),(10258,'ERNSH','1996-07-16 17:00:00','Kirchgasse 6'),(10259,'CENTC','1996-07-17 17:00:00','Sierras de Granada 9993'),(10260,'OTTIK','1996-07-18 17:00:00','Mehrheimerstr. 369'),(10261,'QUEDE','1996-07-18 17:00:00','Rua da Panificadora, 12'),(10262,'RATTC','1996-07-21 17:00:00','2817 Milton Dr.'),(10263,'ERNSH','1996-07-22 17:00:00','Kirchgasse 6'),(10264,'FOLKO','1996-07-23 17:00:00','Åkergatan 24'),(10265,'BLONP','1996-07-24 17:00:00','24, place Kléber'),(10266,'WARTH','1996-07-25 17:00:00','Torikatu 38'),(10267,'FRANK','1996-07-28 17:00:00','Berliner Platz 43'),(10268,'GROSR','1996-07-29 17:00:00','5ª Ave. Los Palos Grandes'),(10269,'WHITC','1996-07-30 17:00:00','1029 - 12th Ave. S.'),(10270,'WARTH','1996-07-31 17:00:00','Torikatu 38'),(10271,'SPLIR','1996-07-31 17:00:00','P.O. Box 555'),(10272,'RATTC','1996-08-01 17:00:00','2817 Milton Dr.'),(10273,'QUICK','1996-08-04 17:00:00','Taucherstraße 10'),(10274,'VINET','1996-08-05 17:00:00','59 rue de l\'Abbaye'),(10275,'MAGAA','1996-08-06 17:00:00','Via Ludovico il Moro 22'),(10276,'TORTU','1996-08-07 17:00:00','Avda. Azteca 123'),(10277,'MORGK','1996-08-08 17:00:00','Heerstr. 22'),(10278,'BERGS','1996-08-11 17:00:00','Berguvsvägen  8'),(10279,'LEHMS','1996-08-12 17:00:00','Magazinweg 7'),(10280,'BERGS','1996-08-13 17:00:00','Berguvsvägen  8'),(10281,'ROMEY','1996-08-13 17:00:00','Gran Vía, 1'),(10282,'ROMEY','1996-08-14 17:00:00','Gran Vía, 1'),(10283,'LILAS','1996-08-15 17:00:00','Carrera 52 con Ave. Bolívar #65-98 Llano Largo'),(10284,'LEHMS','1996-08-18 17:00:00','Magazinweg 7'),(10285,'QUICK','1996-08-19 17:00:00','Taucherstraße 10'),(10286,'QUICK','1996-08-20 17:00:00','Taucherstraße 10'),(10287,'RICAR','1996-08-21 17:00:00','Av. Copacabana, 267'),(10288,'REGGC','1996-08-22 17:00:00','Strada Provinciale 124'),(10289,'BSBEV','1996-08-25 17:00:00','Fauntleroy Circus'),(10290,'COMMI','1996-08-26 17:00:00','Av. dos Lusíadas, 23'),(10291,'QUEDE','1996-08-26 17:00:00','Rua da Panificadora, 12'),(10292,'TRADH','1996-08-27 17:00:00','Av. Inês de Castro, 414'),(10293,'TORTU','1996-08-28 17:00:00','Avda. Azteca 123'),(10294,'RATTC','1996-08-29 17:00:00','2817 Milton Dr.'),(10295,'VINET','1996-09-01 17:00:00','59 rue de l\'Abbaye'),(10296,'LILAS','1996-09-02 17:00:00','Carrera 52 con Ave. Bolívar #65-98 Llano Largo'),(10297,'BLONP','1996-09-03 17:00:00','24, place Kléber'),(10298,'HUNGO','1996-09-04 17:00:00','8 Johnstown Road'),(10299,'RICAR','1996-09-05 17:00:00','Av. Copacabana, 267'),(10300,'MAGAA','1996-09-08 17:00:00','Via Ludovico il Moro 22'),(10301,'WANDK','1996-09-08 17:00:00','Adenauerallee 900'),(10302,'SUPRD','1996-09-09 17:00:00','Boulevard Tirou, 255'),(10303,'GODOS','1996-09-10 17:00:00','C/ Romero, 33'),(10304,'TORTU','1996-09-11 17:00:00','Avda. Azteca 123'),(10305,'OLDWO','1996-09-12 17:00:00','2743 Bering St.'),(10306,'ROMEY','1996-09-15 17:00:00','Gran Vía, 1'),(10307,'LONEP','1996-09-16 17:00:00','89 Chiaroscuro Rd.'),(10308,'ANATR','1996-09-17 17:00:00','Avda. de la Constitución 2222'),(10309,'HUNGO','1996-09-18 17:00:00','8 Johnstown Road'),(10310,'THEBI','1996-09-19 17:00:00','89 Jefferson Way Suite 2'),(10311,'DUMON','1996-09-19 17:00:00','67, rue des Cinquante Otages'),(10312,'WANDK','1996-09-22 17:00:00','Adenauerallee 900'),(10313,'QUICK','1996-09-23 17:00:00','Taucherstraße 10'),(10314,'RATTC','1996-09-24 17:00:00','2817 Milton Dr.'),(10315,'ISLAT','1996-09-25 17:00:00','Garden House Crowther Way'),(10316,'RATTC','1996-09-26 17:00:00','2817 Milton Dr.'),(10317,'LONEP','1996-09-29 17:00:00','89 Chiaroscuro Rd.'),(10318,'ISLAT','1996-09-30 17:00:00','Garden House Crowther Way'),(10319,'TORTU','1996-10-01 17:00:00','Avda. Azteca 123'),(10320,'WARTH','1996-10-02 17:00:00','Torikatu 38'),(10321,'ISLAT','1996-10-02 17:00:00','Garden House Crowther Way'),(10322,'PERIC','1996-10-03 17:00:00','Calle Dr. Jorge Cash 321'),(10323,'KOENE','1996-10-06 17:00:00','Maubelstr. 90'),(10324,'SAVEA','1996-10-07 17:00:00','187 Suffolk Ln.'),(10325,'KOENE','1996-10-08 17:00:00','Maubelstr. 90'),(10326,'BOLID','1996-10-09 17:00:00','C/ Araquil, 67'),(10327,'FOLKO','1996-10-10 17:00:00','Åkergatan 24'),(10328,'FURIB','1996-10-13 17:00:00','Jardim das rosas n. 32'),(10329,'SPLIR','1996-10-14 17:00:00','P.O. Box 555'),(10330,'LILAS','1996-10-15 17:00:00','Carrera 52 con Ave. Bolívar #65-98 Llano Largo'),(10331,'BONAP','1996-10-15 17:00:00','12, rue des Bouchers'),(10332,'MEREP','1996-10-16 17:00:00','43 rue St. Laurent'),(10333,'WARTH','1996-10-17 17:00:00','Torikatu 38'),(10334,'VICTE','1996-10-20 17:00:00','2, rue du Commerce'),(10335,'HUNGO','1996-10-21 17:00:00','8 Johnstown Road'),(10336,'PRINI','1996-10-22 17:00:00','Estrada da saúde n. 58'),(10337,'FRANK','1996-10-23 17:00:00','Berliner Platz 43'),(10338,'OLDWO','1996-10-24 17:00:00','2743 Bering St.'),(10339,'MEREP','1996-10-27 17:00:00','43 rue St. Laurent'),(10340,'BONAP','1996-10-28 17:00:00','12, rue des Bouchers'),(10341,'SIMOB','1996-10-28 17:00:00','Vinbæltet 34'),(10342,'FRANK','1996-10-29 17:00:00','Berliner Platz 43'),(10343,'LEHMS','1996-10-30 17:00:00','Magazinweg 7'),(10344,'WHITC','1996-10-31 17:00:00','1029 - 12th Ave. S.'),(10345,'QUICK','1996-11-03 17:00:00','Taucherstraße 10'),(10346,'RATTC','1996-11-04 17:00:00','2817 Milton Dr.'),(10347,'FAMIA','1996-11-05 17:00:00','Rua Orós, 92'),(10348,'WANDK','1996-11-06 17:00:00','Adenauerallee 900'),(10349,'SPLIR','1996-11-07 17:00:00','P.O. Box 555'),(10350,'LAMAI','1996-11-10 17:00:00','1 rue Alsace-Lorraine'),(10351,'ERNSH','1996-11-10 17:00:00','Kirchgasse 6'),(10352,'FURIB','1996-11-11 17:00:00','Jardim das rosas n. 32'),(10353,'PICCO','1996-11-12 17:00:00','Geislweg 14'),(10354,'PERIC','1996-11-13 17:00:00','Calle Dr. Jorge Cash 321'),(10355,'AROUT','1996-11-14 17:00:00','Brook Farm Stratford St. Mary'),(10356,'WANDK','1996-11-17 17:00:00','Adenauerallee 900'),(10357,'LILAS','1996-11-18 17:00:00','Carrera 52 con Ave. Bolívar #65-98 Llano Largo'),(10358,'LAMAI','1996-11-19 17:00:00','1 rue Alsace-Lorraine'),(10359,'SEVES','1996-11-20 17:00:00','90 Wadhurst Rd.'),(10360,'BLONP','1996-11-21 17:00:00','24, place Kléber'),(10361,'QUICK','1996-11-21 17:00:00','Taucherstraße 10'),(10362,'BONAP','1996-11-24 17:00:00','12, rue des Bouchers'),(10363,'DRACD','1996-11-25 17:00:00','Walserweg 21'),(10364,'EASTC','1996-11-25 17:00:00','35 King George'),(10365,'ANTON','1996-11-26 17:00:00','Mataderos  2312'),(10366,'GALED','1996-11-27 17:00:00','Rambla de Cataluña, 23'),(10367,'VAFFE','1996-11-27 17:00:00','Smagsloget 45'),(10368,'ERNSH','1996-11-28 17:00:00','Kirchgasse 6'),(10369,'SPLIR','1996-12-01 17:00:00','P.O. Box 555'),(10370,'CHOPS','1996-12-02 17:00:00','Hauptstr. 31'),(10371,'LAMAI','1996-12-02 17:00:00','1 rue Alsace-Lorraine'),(10372,'QUEEN','1996-12-03 17:00:00','Alameda dos Canàrios, 891'),(10373,'HUNGO','1996-12-04 17:00:00','8 Johnstown Road'),(10374,'WOLZA','1996-12-04 17:00:00','ul. Filtrowa 68'),(10375,'HUNGC','1996-12-05 17:00:00','City Center Plaza 516 Main St.'),(10376,'MEREP','1996-12-08 17:00:00','43 rue St. Laurent'),(10377,'SEVES','1996-12-08 17:00:00','90 Wadhurst Rd.'),(10378,'FOLKO','1996-12-09 17:00:00','Åkergatan 24'),(10379,'QUEDE','1996-12-10 17:00:00','Rua da Panificadora, 12'),(10380,'HUNGO','1996-12-11 17:00:00','8 Johnstown Road'),(10381,'LILAS','1996-12-11 17:00:00','Carrera 52 con Ave. Bolívar #65-98 Llano Largo'),(10382,'ERNSH','1996-12-12 17:00:00','Kirchgasse 6'),(10383,'AROUT','1996-12-15 17:00:00','Brook Farm Stratford St. Mary'),(10384,'BERGS','1996-12-15 17:00:00','Berguvsvägen  8'),(10385,'SPLIR','1996-12-16 17:00:00','P.O. Box 555'),(10386,'FAMIA','1996-12-17 17:00:00','Rua Orós, 92'),(10387,'SANTG','1996-12-17 17:00:00','Erling Skakkes gate 78'),(10388,'SEVES','1996-12-18 17:00:00','90 Wadhurst Rd.'),(10389,'BOTTM','1996-12-19 17:00:00','23 Tsawassen Blvd.'),(10390,'ERNSH','1996-12-22 17:00:00','Kirchgasse 6'),(10391,'DRACD','1996-12-22 17:00:00','Walserweg 21'),(10392,'PICCO','1996-12-23 17:00:00','Geislweg 14'),(10393,'SAVEA','1996-12-24 17:00:00','187 Suffolk Ln.'),(10394,'HUNGC','1996-12-24 17:00:00','City Center Plaza 516 Main St.'),(10395,'HILAA','1996-12-25 17:00:00','Carrera 22 con Ave. Carlos Soublette #8-35'),(10396,'FRANK','1996-12-26 17:00:00','Berliner Platz 43'),(10397,'PRINI','1996-12-26 17:00:00','Estrada da saúde n. 58'),(10398,'SAVEA','1996-12-29 17:00:00','187 Suffolk Ln.'),(10399,'VAFFE','1996-12-30 17:00:00','Smagsloget 45'),(10400,'EASTC','1996-12-31 17:00:00','35 King George'),(10401,'RATTC','1996-12-31 17:00:00','2817 Milton Dr.'),(10402,'ERNSH','1997-01-01 17:00:00','Kirchgasse 6'),(10403,'ERNSH','1997-01-02 17:00:00','Kirchgasse 6'),(10404,'MAGAA','1997-01-02 17:00:00','Via Ludovico il Moro 22'),(10405,'LINOD','1997-01-05 17:00:00','Ave. 5 de Mayo Porlamar'),(10406,'QUEEN','1997-01-06 17:00:00','Alameda dos Canàrios, 891'),(10407,'OTTIK','1997-01-06 17:00:00','Mehrheimerstr. 369'),(10408,'FOLIG','1997-01-07 17:00:00','184, chaussée de Tournai'),(10409,'OCEAN','1997-01-08 17:00:00','Ing. Gustavo Moncada 8585 Piso 20-A'),(10410,'BOTTM','1997-01-09 17:00:00','23 Tsawassen Blvd.'),(10411,'BOTTM','1997-01-09 17:00:00','23 Tsawassen Blvd.'),(10412,'WARTH','1997-01-12 17:00:00','Torikatu 38'),(10413,'LAMAI','1997-01-13 17:00:00','1 rue Alsace-Lorraine'),(10414,'FAMIA','1997-01-13 17:00:00','Rua Orós, 92'),(10415,'HUNGC','1997-01-14 17:00:00','City Center Plaza 516 Main St.'),(10416,'WARTH','1997-01-15 17:00:00','Torikatu 38'),(10417,'SIMOB','1997-01-15 17:00:00','Vinbæltet 34'),(10418,'QUICK','1997-01-16 17:00:00','Taucherstraße 10'),(10419,'RICSU','1997-01-19 17:00:00','Starenweg 5'),(10420,'WELLI','1997-01-20 17:00:00','Rua do Mercado, 12'),(10421,'QUEDE','1997-01-20 17:00:00','Rua da Panificadora, 12'),(10422,'FRANS','1997-01-21 17:00:00','Via Monte Bianco 34'),(10423,'GOURL','1997-01-22 17:00:00','Av. Brasil, 442'),(10424,'MEREP','1997-01-22 17:00:00','43 rue St. Laurent'),(10425,'LAMAI','1997-01-23 17:00:00','1 rue Alsace-Lorraine'),(10426,'GALED','1997-01-26 17:00:00','Rambla de Cataluña, 23'),(10427,'PICCO','1997-01-26 17:00:00','Geislweg 14'),(10428,'REGGC','1997-01-27 17:00:00','Strada Provinciale 124'),(10429,'HUNGO','1997-01-28 17:00:00','8 Johnstown Road'),(10430,'ERNSH','1997-01-29 17:00:00','Kirchgasse 6'),(10431,'BOTTM','1997-01-29 17:00:00','23 Tsawassen Blvd.'),(10432,'SPLIR','1997-01-30 17:00:00','P.O. Box 555'),(10433,'PRINI','1997-02-02 17:00:00','Estrada da saúde n. 58'),(10434,'FOLKO','1997-02-02 17:00:00','Åkergatan 24'),(10435,'CONSH','1997-02-03 17:00:00','Berkeley Gardens 12  Brewery'),(10436,'BLONP','1997-02-04 17:00:00','24, place Kléber'),(10437,'WARTH','1997-02-04 17:00:00','Torikatu 38'),(10438,'TOMSP','1997-02-05 17:00:00','Luisenstr. 48'),(10439,'MEREP','1997-02-06 17:00:00','43 rue St. Laurent'),(10440,'SAVEA','1997-02-09 17:00:00','187 Suffolk Ln.'),(10441,'OLDWO','1997-02-09 17:00:00','2743 Bering St.'),(10442,'ERNSH','1997-02-10 17:00:00','Kirchgasse 6'),(10443,'REGGC','1997-02-11 17:00:00','Strada Provinciale 124'),(10444,'BERGS','1997-02-11 17:00:00','Berguvsvägen  8'),(10445,'BERGS','1997-02-12 17:00:00','Berguvsvägen  8'),(10446,'TOMSP','1997-02-13 17:00:00','Luisenstr. 48'),(10447,'RICAR','1997-02-13 17:00:00','Av. Copacabana, 267'),(10448,'RANCH','1997-02-16 17:00:00','Av. del Libertador 900'),(10449,'BLONP','1997-02-17 17:00:00','24, place Kléber'),(10450,'VICTE','1997-02-18 17:00:00','2, rue du Commerce'),(10451,'QUICK','1997-02-18 17:00:00','Taucherstraße 10'),(10452,'SAVEA','1997-02-19 17:00:00','187 Suffolk Ln.'),(10453,'AROUT','1997-02-20 17:00:00','Brook Farm Stratford St. Mary'),(10454,'LAMAI','1997-02-20 17:00:00','1 rue Alsace-Lorraine'),(10455,'WARTH','1997-02-23 17:00:00','Torikatu 38'),(10456,'KOENE','1997-02-24 17:00:00','Maubelstr. 90'),(10457,'KOENE','1997-02-24 17:00:00','Maubelstr. 90'),(10458,'SUPRD','1997-02-25 17:00:00','Boulevard Tirou, 255'),(10459,'VICTE','1997-02-26 17:00:00','2, rue du Commerce'),(10460,'FOLKO','1997-02-27 17:00:00','Åkergatan 24'),(10461,'LILAS','1997-02-27 17:00:00','Carrera 52 con Ave. Bolívar #65-98 Llano Largo'),(10462,'CONSH','1997-03-02 17:00:00','Berkeley Gardens 12  Brewery'),(10463,'SUPRD','1997-03-03 17:00:00','Boulevard Tirou, 255'),(10464,'FURIB','1997-03-03 17:00:00','Jardim das rosas n. 32'),(10465,'VAFFE','1997-03-04 17:00:00','Smagsloget 45'),(10466,'COMMI','1997-03-05 17:00:00','Av. dos Lusíadas, 23'),(10467,'MAGAA','1997-03-05 17:00:00','Via Ludovico il Moro 22'),(10468,'KOENE','1997-03-06 17:00:00','Maubelstr. 90'),(10469,'WHITC','1997-03-09 17:00:00','1029 - 12th Ave. S.'),(10470,'BONAP','1997-03-10 17:00:00','12, rue des Bouchers'),(10471,'BSBEV','1997-03-10 17:00:00','Fauntleroy Circus'),(10472,'SEVES','1997-03-11 17:00:00','90 Wadhurst Rd.'),(10473,'ISLAT','1997-03-12 17:00:00','Garden House Crowther Way'),(10474,'PERIC','1997-03-12 17:00:00','Calle Dr. Jorge Cash 321'),(10475,'SUPRD','1997-03-13 17:00:00','Boulevard Tirou, 255'),(10476,'HILAA','1997-03-16 17:00:00','Carrera 22 con Ave. Carlos Soublette #8-35'),(10477,'PRINI','1997-03-16 17:00:00','Estrada da saúde n. 58'),(10478,'VICTE','1997-03-17 17:00:00','2, rue du Commerce'),(10479,'RATTC','1997-03-18 17:00:00','2817 Milton Dr.'),(10480,'FOLIG','1997-03-19 17:00:00','184, chaussée de Tournai'),(10481,'RICAR','1997-03-19 17:00:00','Av. Copacabana, 267'),(10482,'LAZYK','1997-03-20 17:00:00','12 Orchestra Terrace'),(10483,'WHITC','1997-03-23 17:00:00','1029 - 12th Ave. S.'),(10484,'BSBEV','1997-03-23 17:00:00','Fauntleroy Circus'),(10485,'LINOD','1997-03-24 17:00:00','Ave. 5 de Mayo Porlamar'),(10486,'HILAA','1997-03-25 17:00:00','Carrera 22 con Ave. Carlos Soublette #8-35'),(10487,'QUEEN','1997-03-25 17:00:00','Alameda dos Canàrios, 891'),(10488,'FRANK','1997-03-26 17:00:00','Berliner Platz 43'),(10489,'PICCO','1997-03-27 17:00:00','Geislweg 14'),(10490,'HILAA','1997-03-30 17:00:00','Carrera 22 con Ave. Carlos Soublette #8-35'),(10491,'FURIB','1997-03-30 17:00:00','Jardim das rosas n. 32'),(10492,'BOTTM','1997-03-31 17:00:00','23 Tsawassen Blvd.'),(10493,'LAMAI','1997-04-01 17:00:00','1 rue Alsace-Lorraine'),(10494,'COMMI','1997-04-01 17:00:00','Av. dos Lusíadas, 23'),(10495,'LAUGB','1997-04-02 17:00:00','2319 Elm St.'),(10496,'TRADH','1997-04-03 17:00:00','Av. Inês de Castro, 414'),(10497,'LEHMS','1997-04-03 17:00:00','Magazinweg 7'),(10498,'HILAA','1997-04-06 17:00:00','Carrera 22 con Ave. Carlos Soublette #8-35'),(10499,'LILAS','1997-04-07 17:00:00','Carrera 52 con Ave. Bolívar #65-98 Llano Largo'),(10500,'LAMAI','1997-04-08 17:00:00','1 rue Alsace-Lorraine'),(10501,'BLAUS','1997-04-08 17:00:00','Forsterstr. 57'),(10502,'PERIC','1997-04-09 17:00:00','Calle Dr. Jorge Cash 321'),(10503,'HUNGO','1997-04-10 17:00:00','8 Johnstown Road'),(10504,'WHITC','1997-04-10 17:00:00','1029 - 12th Ave. S.'),(10505,'MEREP','1997-04-13 17:00:00','43 rue St. Laurent'),(10506,'KOENE','1997-04-14 17:00:00','Maubelstr. 90'),(10507,'ANTON','1997-04-14 17:00:00','Mataderos  2312'),(10508,'OTTIK','1997-04-15 17:00:00','Mehrheimerstr. 369'),(10509,'BLAUS','1997-04-16 17:00:00','Forsterstr. 57'),(10510,'SAVEA','1997-04-17 17:00:00','187 Suffolk Ln.'),(10511,'BONAP','1997-04-17 17:00:00','12, rue des Bouchers'),(10512,'FAMIA','1997-04-20 17:00:00','Rua Orós, 92'),(10513,'WANDK','1997-04-21 17:00:00','Adenauerallee 900'),(10514,'ERNSH','1997-04-21 17:00:00','Kirchgasse 6'),(10515,'QUICK','1997-04-22 17:00:00','Taucherstraße 10'),(10516,'HUNGO','1997-04-23 17:00:00','8 Johnstown Road'),(10517,'NORTS','1997-04-23 17:00:00','South House 300 Queensbridge'),(10518,'TORTU','1997-04-24 17:00:00','Avda. Azteca 123'),(10519,'CHOPS','1997-04-27 17:00:00','Hauptstr. 31'),(10520,'SANTG','1997-04-28 17:00:00','Erling Skakkes gate 78'),(10521,'CACTU','1997-04-28 17:00:00','Cerrito 333'),(10522,'LEHMS','1997-04-29 17:00:00','Magazinweg 7'),(10523,'SEVES','1997-04-30 17:00:00','90 Wadhurst Rd.'),(10524,'BERGS','1997-04-30 17:00:00','Berguvsvägen  8'),(10525,'BONAP','1997-05-01 17:00:00','12, rue des Bouchers'),(10526,'WARTH','1997-05-04 17:00:00','Torikatu 38'),(10527,'QUICK','1997-05-04 17:00:00','Taucherstraße 10'),(10528,'GREAL','1997-05-05 17:00:00','2732 Baker Blvd.'),(10529,'MAISD','1997-05-06 17:00:00','Rue Joseph-Bens 532'),(10530,'PICCO','1997-05-07 17:00:00','Geislweg 14'),(10531,'OCEAN','1997-05-07 17:00:00','Ing. Gustavo Moncada 8585 Piso 20-A'),(10532,'EASTC','1997-05-08 17:00:00','35 King George'),(10533,'FOLKO','1997-05-11 17:00:00','Åkergatan 24'),(10534,'LEHMS','1997-05-11 17:00:00','Magazinweg 7'),(10535,'ANTON','1997-05-12 17:00:00','Mataderos  2312'),(10536,'LEHMS','1997-05-13 17:00:00','Magazinweg 7'),(10537,'RICSU','1997-05-13 17:00:00','Starenweg 5'),(10538,'BSBEV','1997-05-14 17:00:00','Fauntleroy Circus'),(10539,'BSBEV','1997-05-15 17:00:00','Fauntleroy Circus'),(10540,'QUICK','1997-05-18 17:00:00','Taucherstraße 10'),(10541,'HANAR','1997-05-18 17:00:00','Rua do Paço, 67'),(10542,'KOENE','1997-05-19 17:00:00','Maubelstr. 90'),(10543,'LILAS','1997-05-20 17:00:00','Carrera 52 con Ave. Bolívar #65-98 Llano Largo'),(10544,'LONEP','1997-05-20 17:00:00','89 Chiaroscuro Rd.'),(10545,'LAZYK','1997-05-21 17:00:00','12 Orchestra Terrace'),(10546,'VICTE','1997-05-22 17:00:00','2, rue du Commerce'),(10547,'SEVES','1997-05-22 17:00:00','90 Wadhurst Rd.'),(10548,'TOMSP','1997-05-25 17:00:00','Luisenstr. 48'),(10549,'QUICK','1997-05-26 17:00:00','Taucherstraße 10'),(10550,'GODOS','1997-05-27 17:00:00','C/ Romero, 33'),(10551,'FURIB','1997-05-27 17:00:00','Jardim das rosas n. 32'),(10552,'HILAA','1997-05-28 17:00:00','Carrera 22 con Ave. Carlos Soublette #8-35'),(10553,'WARTH','1997-05-29 17:00:00','Torikatu 38'),(10554,'OTTIK','1997-05-29 17:00:00','Mehrheimerstr. 369'),(10555,'SAVEA','1997-06-01 17:00:00','187 Suffolk Ln.'),(10556,'SIMOB','1997-06-02 17:00:00','Vinbæltet 34'),(10557,'LEHMS','1997-06-02 17:00:00','Magazinweg 7'),(10558,'AROUT','1997-06-03 17:00:00','Brook Farm Stratford St. Mary'),(10559,'BLONP','1997-06-04 17:00:00','24, place Kléber'),(10560,'FRANK','1997-06-05 17:00:00','Berliner Platz 43'),(10561,'FOLKO','1997-06-05 17:00:00','Åkergatan 24'),(10562,'REGGC','1997-06-08 17:00:00','Strada Provinciale 124'),(10563,'RICAR','1997-06-09 17:00:00','Av. Copacabana, 267'),(10564,'RATTC','1997-06-09 17:00:00','2817 Milton Dr.'),(10565,'MEREP','1997-06-10 17:00:00','43 rue St. Laurent'),(10566,'BLONP','1997-06-11 17:00:00','24, place Kléber'),(10567,'HUNGO','1997-06-11 17:00:00','8 Johnstown Road'),(10568,'GALED','1997-06-12 17:00:00','Rambla de Cataluña, 23'),(10569,'RATTC','1997-06-15 17:00:00','2817 Milton Dr.'),(10570,'MEREP','1997-06-16 17:00:00','43 rue St. Laurent'),(10571,'ERNSH','1997-06-16 17:00:00','Kirchgasse 6'),(10572,'BERGS','1997-06-17 17:00:00','Berguvsvägen  8'),(10573,'ANTON','1997-06-18 17:00:00','Mataderos  2312'),(10574,'TRAIH','1997-06-18 17:00:00','722 DaVinci Blvd.'),(10575,'MORGK','1997-06-19 17:00:00','Heerstr. 22'),(10576,'TORTU','1997-06-22 17:00:00','Avda. Azteca 123'),(10577,'TRAIH','1997-06-22 17:00:00','722 DaVinci Blvd.'),(10578,'BSBEV','1997-06-23 17:00:00','Fauntleroy Circus'),(10579,'LETSS','1997-06-24 17:00:00','87 Polk St. Suite 5'),(10580,'OTTIK','1997-06-25 17:00:00','Mehrheimerstr. 369'),(10581,'FAMIA','1997-06-25 17:00:00','Rua Orós, 92'),(10582,'BLAUS','1997-06-26 17:00:00','Forsterstr. 57'),(10583,'WARTH','1997-06-29 17:00:00','Torikatu 38'),(10584,'BLONP','1997-06-29 17:00:00','24, place Kléber'),(10585,'WELLI','1997-06-30 17:00:00','Rua do Mercado, 12'),(10586,'REGGC','1997-07-01 17:00:00','Strada Provinciale 124'),(10587,'QUEDE','1997-07-01 17:00:00','Rua da Panificadora, 12'),(10588,'QUICK','1997-07-02 17:00:00','Taucherstraße 10'),(10589,'GREAL','1997-07-03 17:00:00','2732 Baker Blvd.'),(10590,'MEREP','1997-07-06 17:00:00','43 rue St. Laurent'),(10591,'VAFFE','1997-07-06 17:00:00','Smagsloget 45'),(10592,'LEHMS','1997-07-07 17:00:00','Magazinweg 7'),(10593,'LEHMS','1997-07-08 17:00:00','Magazinweg 7'),(10594,'OLDWO','1997-07-08 17:00:00','2743 Bering St.'),(10595,'ERNSH','1997-07-09 17:00:00','Kirchgasse 6'),(10596,'WHITC','1997-07-10 17:00:00','1029 - 12th Ave. S.'),(10597,'PICCO','1997-07-10 17:00:00','Geislweg 14'),(10598,'RATTC','1997-07-13 17:00:00','2817 Milton Dr.'),(10599,'BSBEV','1997-07-14 17:00:00','Fauntleroy Circus'),(10600,'HUNGC','1997-07-15 17:00:00','City Center Plaza 516 Main St.'),(10601,'HILAA','1997-07-15 17:00:00','Carrera 22 con Ave. Carlos Soublette #8-35'),(10602,'VAFFE','1997-07-16 17:00:00','Smagsloget 45'),(10603,'SAVEA','1997-07-17 17:00:00','187 Suffolk Ln.'),(10604,'FURIB','1997-07-17 17:00:00','Jardim das rosas n. 32'),(10605,'MEREP','1997-07-20 17:00:00','43 rue St. Laurent'),(10606,'TRADH','1997-07-21 17:00:00','Av. Inês de Castro, 414'),(10607,'SAVEA','1997-07-21 17:00:00','187 Suffolk Ln.'),(10608,'TOMSP','1997-07-22 17:00:00','Luisenstr. 48'),(10609,'DUMON','1997-07-23 17:00:00','67, rue des Cinquante Otages'),(10610,'LAMAI','1997-07-24 17:00:00','1 rue Alsace-Lorraine'),(10611,'WOLZA','1997-07-24 17:00:00','ul. Filtrowa 68'),(10612,'SAVEA','1997-07-27 17:00:00','187 Suffolk Ln.'),(10613,'HILAA','1997-07-28 17:00:00','Carrera 22 con Ave. Carlos Soublette #8-35'),(10614,'BLAUS','1997-07-28 17:00:00','Forsterstr. 57'),(10615,'WILMK','1997-07-29 17:00:00','Keskuskatu 45'),(10616,'GREAL','1997-07-30 17:00:00','2732 Baker Blvd.'),(10617,'GREAL','1997-07-30 17:00:00','2732 Baker Blvd.'),(10618,'MEREP','1997-07-31 17:00:00','43 rue St. Laurent'),(10619,'MEREP','1997-08-03 17:00:00','43 rue St. Laurent'),(10620,'LAUGB','1997-08-04 17:00:00','2319 Elm St.'),(10621,'ISLAT','1997-08-04 17:00:00','Garden House Crowther Way'),(10622,'RICAR','1997-08-05 17:00:00','Av. Copacabana, 267'),(10623,'FRANK','1997-08-06 17:00:00','Berliner Platz 43'),(10624,'THECR','1997-08-06 17:00:00','55 Grizzly Peak Rd.'),(10625,'ANATR','1997-08-07 17:00:00','Avda. de la Constitución 2222'),(10626,'BERGS','1997-08-10 17:00:00','Berguvsvägen  8'),(10627,'SAVEA','1997-08-10 17:00:00','187 Suffolk Ln.'),(10628,'BLONP','1997-08-11 17:00:00','24, place Kléber'),(10629,'GODOS','1997-08-11 17:00:00','C/ Romero, 33'),(10630,'KOENE','1997-08-12 17:00:00','Maubelstr. 90'),(10631,'LAMAI','1997-08-13 17:00:00','1 rue Alsace-Lorraine'),(10632,'WANDK','1997-08-13 17:00:00','Adenauerallee 900'),(10633,'ERNSH','1997-08-14 17:00:00','Kirchgasse 6'),(10634,'FOLIG','1997-08-14 17:00:00','184, chaussée de Tournai'),(10635,'MAGAA','1997-08-17 17:00:00','Via Ludovico il Moro 22'),(10636,'WARTH','1997-08-18 17:00:00','Torikatu 38'),(10637,'QUEEN','1997-08-18 17:00:00','Alameda dos Canàrios, 891'),(10638,'LINOD','1997-08-19 17:00:00','Ave. 5 de Mayo Porlamar'),(10639,'SANTG','1997-08-19 17:00:00','Erling Skakkes gate 78'),(10640,'WANDK','1997-08-20 17:00:00','Adenauerallee 900'),(10641,'HILAA','1997-08-21 17:00:00','Carrera 22 con Ave. Carlos Soublette #8-35'),(10642,'SIMOB','1997-08-21 17:00:00','Vinbæltet 34'),(10643,'ALFKI','1997-08-24 17:00:00','Obere Str. 57'),(10644,'WELLI','1997-08-24 17:00:00','Rua do Mercado, 12'),(10645,'HANAR','1997-08-25 17:00:00','Rua do Paço, 67'),(10646,'HUNGO','1997-08-26 17:00:00','8 Johnstown Road'),(10647,'QUEDE','1997-08-26 17:00:00','Rua da Panificadora, 12'),(10648,'RICAR','1997-08-27 17:00:00','Av. Copacabana, 267'),(10649,'MAISD','1997-08-27 17:00:00','Rue Joseph-Bens 532'),(10650,'FAMIA','1997-08-28 17:00:00','Rua Orós, 92'),(10651,'WANDK','1997-08-31 17:00:00','Adenauerallee 900'),(10652,'GOURL','1997-08-31 17:00:00','Av. Brasil, 442'),(10653,'FRANK','1997-09-01 17:00:00','Berliner Platz 43'),(10654,'BERGS','1997-09-01 17:00:00','Berguvsvägen  8'),(10655,'REGGC','1997-09-02 17:00:00','Strada Provinciale 124'),(10656,'GREAL','1997-09-03 17:00:00','2732 Baker Blvd.'),(10657,'SAVEA','1997-09-03 17:00:00','187 Suffolk Ln.'),(10658,'QUICK','1997-09-04 17:00:00','Taucherstraße 10'),(10659,'QUEEN','1997-09-04 17:00:00','Alameda dos Canàrios, 891'),(10660,'HUNGC','1997-09-07 17:00:00','City Center Plaza 516 Main St.'),(10661,'HUNGO','1997-09-08 17:00:00','8 Johnstown Road'),(10662,'LONEP','1997-09-08 17:00:00','89 Chiaroscuro Rd.'),(10663,'BONAP','1997-09-09 17:00:00','12, rue des Bouchers'),(10664,'FURIB','1997-09-09 17:00:00','Jardim das rosas n. 32'),(10665,'LONEP','1997-09-10 17:00:00','89 Chiaroscuro Rd.'),(10666,'RICSU','1997-09-11 17:00:00','Starenweg 5'),(10667,'ERNSH','1997-09-11 17:00:00','Kirchgasse 6'),(10668,'WANDK','1997-09-14 17:00:00','Adenauerallee 900'),(10669,'SIMOB','1997-09-14 17:00:00','Vinbæltet 34'),(10670,'FRANK','1997-09-15 17:00:00','Berliner Platz 43'),(10671,'FRANR','1997-09-16 17:00:00','54, rue Royale'),(10672,'BERGS','1997-09-16 17:00:00','Berguvsvägen  8'),(10673,'WILMK','1997-09-17 17:00:00','Keskuskatu 45'),(10674,'ISLAT','1997-09-17 17:00:00','Garden House Crowther Way'),(10675,'FRANK','1997-09-18 17:00:00','Berliner Platz 43'),(10676,'TORTU','1997-09-21 17:00:00','Avda. Azteca 123'),(10677,'ANTON','1997-09-21 17:00:00','Mataderos  2312'),(10678,'SAVEA','1997-09-22 17:00:00','187 Suffolk Ln.'),(10679,'BLONP','1997-09-22 17:00:00','24, place Kléber'),(10680,'OLDWO','1997-09-23 17:00:00','2743 Bering St.'),(10681,'GREAL','1997-09-24 17:00:00','2732 Baker Blvd.'),(10682,'ANTON','1997-09-24 17:00:00','Mataderos  2312'),(10683,'DUMON','1997-09-25 17:00:00','67, rue des Cinquante Otages'),(10684,'OTTIK','1997-09-25 17:00:00','Mehrheimerstr. 369'),(10685,'GOURL','1997-09-28 17:00:00','Av. Brasil, 442'),(10686,'PICCO','1997-09-29 17:00:00','Geislweg 14'),(10687,'HUNGO','1997-09-29 17:00:00','8 Johnstown Road'),(10688,'VAFFE','1997-09-30 17:00:00','Smagsloget 45'),(10689,'BERGS','1997-09-30 17:00:00','Berguvsvägen  8'),(10690,'HANAR','1997-10-01 17:00:00','Rua do Paço, 67'),(10691,'QUICK','1997-10-02 17:00:00','Taucherstraße 10'),(10692,'ALFKI','1997-10-02 17:00:00','Obere Str. 57'),(10693,'WHITC','1997-10-05 17:00:00','1029 - 12th Ave. S.'),(10694,'QUICK','1997-10-05 17:00:00','Taucherstraße 10'),(10695,'WILMK','1997-10-06 17:00:00','Keskuskatu 45'),(10696,'WHITC','1997-10-07 17:00:00','1029 - 12th Ave. S.'),(10697,'LINOD','1997-10-07 17:00:00','Ave. 5 de Mayo Porlamar'),(10698,'ERNSH','1997-10-08 17:00:00','Kirchgasse 6'),(10699,'MORGK','1997-10-08 17:00:00','Heerstr. 22'),(10700,'SAVEA','1997-10-09 17:00:00','187 Suffolk Ln.'),(10701,'HUNGO','1997-10-12 17:00:00','8 Johnstown Road'),(10702,'ALFKI','1997-10-12 17:00:00','Obere Str. 57'),(10703,'FOLKO','1997-10-13 17:00:00','Åkergatan 24'),(10704,'QUEEN','1997-10-13 17:00:00','Alameda dos Canàrios, 891'),(10705,'HILAA','1997-10-14 17:00:00','Carrera 22 con Ave. Carlos Soublette #8-35'),(10706,'OLDWO','1997-10-15 17:00:00','2743 Bering St.'),(10707,'AROUT','1997-10-15 17:00:00','Brook Farm Stratford St. Mary'),(10708,'THEBI','1997-10-16 17:00:00','89 Jefferson Way Suite 2'),(10709,'GOURL','1997-10-16 17:00:00','Av. Brasil, 442'),(10710,'FRANS','1997-10-19 17:00:00','Via Monte Bianco 34'),(10711,'SAVEA','1997-10-20 17:00:00','187 Suffolk Ln.'),(10712,'HUNGO','1997-10-20 17:00:00','8 Johnstown Road'),(10713,'SAVEA','1997-10-21 17:00:00','187 Suffolk Ln.'),(10714,'SAVEA','1997-10-21 17:00:00','187 Suffolk Ln.'),(10715,'BONAP','1997-10-22 17:00:00','12, rue des Bouchers'),(10716,'RANCH','1997-10-23 17:00:00','Av. del Libertador 900'),(10717,'FRANK','1997-10-23 17:00:00','Berliner Platz 43'),(10718,'KOENE','1997-10-26 17:00:00','Maubelstr. 90'),(10719,'LETSS','1997-10-26 17:00:00','87 Polk St. Suite 5'),(10720,'QUEDE','1997-10-27 17:00:00','Rua da Panificadora, 12'),(10721,'QUICK','1997-10-28 17:00:00','Taucherstraße 10'),(10722,'SAVEA','1997-10-28 17:00:00','187 Suffolk Ln.'),(10723,'WHITC','1997-10-29 17:00:00','1029 - 12th Ave. S.'),(10724,'MEREP','1997-10-29 17:00:00','43 rue St. Laurent'),(10725,'FAMIA','1997-10-30 17:00:00','Rua Orós, 92'),(10726,'EASTC','1997-11-02 17:00:00','35 King George'),(10727,'REGGC','1997-11-02 17:00:00','Strada Provinciale 124'),(10728,'QUEEN','1997-11-03 17:00:00','Alameda dos Canàrios, 891'),(10729,'LINOD','1997-11-03 17:00:00','Ave. 5 de Mayo Porlamar'),(10730,'BONAP','1997-11-04 17:00:00','12, rue des Bouchers'),(10731,'CHOPS','1997-11-05 17:00:00','Hauptstr. 31'),(10732,'BONAP','1997-11-05 17:00:00','12, rue des Bouchers'),(10733,'BERGS','1997-11-06 17:00:00','Berguvsvägen  8'),(10734,'GOURL','1997-11-06 17:00:00','Av. Brasil, 442'),(10735,'LETSS','1997-11-09 17:00:00','87 Polk St. Suite 5'),(10736,'HUNGO','1997-11-10 17:00:00','8 Johnstown Road'),(10737,'VINET','1997-11-10 17:00:00','59 rue de l\'Abbaye'),(10738,'SPECD','1997-11-11 17:00:00','25, rue Lauriston'),(10739,'VINET','1997-11-11 17:00:00','59 rue de l\'Abbaye'),(10740,'WHITC','1997-11-12 17:00:00','1029 - 12th Ave. S.'),(10741,'AROUT','1997-11-13 17:00:00','Brook Farm Stratford St. Mary'),(10742,'BOTTM','1997-11-13 17:00:00','23 Tsawassen Blvd.'),(10743,'AROUT','1997-11-16 17:00:00','Brook Farm Stratford St. Mary'),(10744,'VAFFE','1997-11-16 17:00:00','Smagsloget 45'),(10745,'QUICK','1997-11-17 17:00:00','Taucherstraße 10'),(10746,'CHOPS','1997-11-18 17:00:00','Hauptstr. 31'),(10747,'PICCO','1997-11-18 17:00:00','Geislweg 14'),(10748,'SAVEA','1997-11-19 17:00:00','187 Suffolk Ln.'),(10749,'ISLAT','1997-11-19 17:00:00','Garden House Crowther Way'),(10750,'WARTH','1997-11-20 17:00:00','Torikatu 38'),(10751,'RICSU','1997-11-23 17:00:00','Starenweg 5'),(10752,'NORTS','1997-11-23 17:00:00','South House 300 Queensbridge'),(10753,'FRANS','1997-11-24 17:00:00','Via Monte Bianco 34'),(10754,'MAGAA','1997-11-24 17:00:00','Via Ludovico il Moro 22'),(10755,'BONAP','1997-11-25 17:00:00','12, rue des Bouchers'),(10756,'SPLIR','1997-11-26 17:00:00','P.O. Box 555'),(10757,'SAVEA','1997-11-26 17:00:00','187 Suffolk Ln.'),(10758,'RICSU','1997-11-27 17:00:00','Starenweg 5'),(10759,'ANATR','1997-11-27 17:00:00','Avda. de la Constitución 2222'),(10760,'MAISD','1997-11-30 17:00:00','Rue Joseph-Bens 532'),(10761,'RATTC','1997-12-01 17:00:00','2817 Milton Dr.'),(10762,'FOLKO','1997-12-01 17:00:00','Åkergatan 24'),(10763,'FOLIG','1997-12-02 17:00:00','184, chaussée de Tournai'),(10764,'ERNSH','1997-12-02 17:00:00','Kirchgasse 6'),(10765,'QUICK','1997-12-03 17:00:00','Taucherstraße 10'),(10766,'OTTIK','1997-12-04 17:00:00','Mehrheimerstr. 369'),(10767,'SUPRD','1997-12-04 17:00:00','Boulevard Tirou, 255'),(10768,'AROUT','1997-12-07 17:00:00','Brook Farm Stratford St. Mary'),(10769,'VAFFE','1997-12-07 17:00:00','Smagsloget 45'),(10770,'HANAR','1997-12-08 17:00:00','Rua do Paço, 67'),(10771,'ERNSH','1997-12-09 17:00:00','Kirchgasse 6'),(10772,'LEHMS','1997-12-09 17:00:00','Magazinweg 7'),(10773,'ERNSH','1997-12-10 17:00:00','Kirchgasse 6'),(10774,'FOLKO','1997-12-10 17:00:00','Åkergatan 24'),(10775,'THECR','1997-12-11 17:00:00','55 Grizzly Peak Rd.'),(10776,'ERNSH','1997-12-14 17:00:00','Kirchgasse 6'),(10777,'GOURL','1997-12-14 17:00:00','Av. Brasil, 442'),(10778,'BERGS','1997-12-15 17:00:00','Berguvsvägen  8'),(10779,'MORGK','1997-12-15 17:00:00','Heerstr. 22'),(10780,'LILAS','1997-12-15 17:00:00','Carrera 52 con Ave. Bolívar #65-98 Llano Largo'),(10781,'WARTH','1997-12-16 17:00:00','Torikatu 38'),(10782,'CACTU','1997-12-16 17:00:00','Cerrito 333'),(10783,'HANAR','1997-12-17 17:00:00','Rua do Paço, 67'),(10784,'MAGAA','1997-12-17 17:00:00','Via Ludovico il Moro 22'),(10785,'GROSR','1997-12-17 17:00:00','5ª Ave. Los Palos Grandes'),(10786,'QUEEN','1997-12-18 17:00:00','Alameda dos Canàrios, 891'),(10787,'LAMAI','1997-12-18 17:00:00','1 rue Alsace-Lorraine'),(10788,'QUICK','1997-12-21 17:00:00','Taucherstraße 10'),(10789,'FOLIG','1997-12-21 17:00:00','184, chaussée de Tournai'),(10790,'GOURL','1997-12-21 17:00:00','Av. Brasil, 442'),(10791,'FRANK','1997-12-22 17:00:00','Berliner Platz 43'),(10792,'WOLZA','1997-12-22 17:00:00','ul. Filtrowa 68'),(10793,'AROUT','1997-12-23 17:00:00','Brook Farm Stratford St. Mary'),(10794,'QUEDE','1997-12-23 17:00:00','Rua da Panificadora, 12'),(10795,'ERNSH','1997-12-23 17:00:00','Kirchgasse 6'),(10796,'HILAA','1997-12-24 17:00:00','Carrera 22 con Ave. Carlos Soublette #8-35'),(10797,'DRACD','1997-12-24 17:00:00','Walserweg 21'),(10798,'ISLAT','1997-12-25 17:00:00','Garden House Crowther Way'),(10799,'KOENE','1997-12-25 17:00:00','Maubelstr. 90'),(10800,'SEVES','1997-12-25 17:00:00','90 Wadhurst Rd.'),(10801,'BOLID','1997-12-28 17:00:00','C/ Araquil, 67'),(10802,'SIMOB','1997-12-28 17:00:00','Vinbæltet 34'),(10803,'WELLI','1997-12-29 17:00:00','Rua do Mercado, 12'),(10804,'SEVES','1997-12-29 17:00:00','90 Wadhurst Rd.'),(10805,'THEBI','1997-12-29 17:00:00','89 Jefferson Way Suite 2'),(10806,'VICTE','1997-12-30 17:00:00','2, rue du Commerce'),(10807,'FRANS','1997-12-30 17:00:00','Via Monte Bianco 34'),(10808,'OLDWO','1997-12-31 17:00:00','2743 Bering St.'),(10809,'WELLI','1997-12-31 17:00:00','Rua do Mercado, 12'),(10810,'LAUGB','1997-12-31 17:00:00','2319 Elm St.'),(10811,'LINOD','1998-01-01 17:00:00','Ave. 5 de Mayo Porlamar'),(10812,'REGGC','1998-01-01 17:00:00','Strada Provinciale 124'),(10813,'RICAR','1998-01-04 17:00:00','Av. Copacabana, 267'),(10814,'VICTE','1998-01-04 17:00:00','2, rue du Commerce'),(10815,'SAVEA','1998-01-04 17:00:00','187 Suffolk Ln.'),(10816,'GREAL','1998-01-05 17:00:00','2732 Baker Blvd.'),(10817,'KOENE','1998-01-05 17:00:00','Maubelstr. 90'),(10818,'MAGAA','1998-01-06 17:00:00','Via Ludovico il Moro 22'),(10819,'CACTU','1998-01-06 17:00:00','Cerrito 333'),(10820,'RATTC','1998-01-06 17:00:00','2817 Milton Dr.'),(10821,'SPLIR','1998-01-07 17:00:00','P.O. Box 555'),(10822,'TRAIH','1998-01-07 17:00:00','722 DaVinci Blvd.'),(10823,'LILAS','1998-01-08 17:00:00','Carrera 52 con Ave. Bolívar #65-98 Llano Largo'),(10824,'FOLKO','1998-01-08 17:00:00','Åkergatan 24'),(10825,'DRACD','1998-01-08 17:00:00','Walserweg 21'),(10826,'BLONP','1998-01-11 17:00:00','24, place Kléber'),(10827,'BONAP','1998-01-11 17:00:00','12, rue des Bouchers'),(10828,'RANCH','1998-01-12 17:00:00','Av. del Libertador 900'),(10829,'ISLAT','1998-01-12 17:00:00','Garden House Crowther Way'),(10830,'TRADH','1998-01-12 17:00:00','Av. Inês de Castro, 414'),(10831,'SANTG','1998-01-13 17:00:00','Erling Skakkes gate 78'),(10832,'LAMAI','1998-01-13 17:00:00','1 rue Alsace-Lorraine'),(10833,'OTTIK','1998-01-14 17:00:00','Mehrheimerstr. 369'),(10834,'TRADH','1998-01-14 17:00:00','Av. Inês de Castro, 414'),(10835,'ALFKI','1998-01-14 17:00:00','Obere Str. 57'),(10836,'ERNSH','1998-01-15 17:00:00','Kirchgasse 6'),(10837,'BERGS','1998-01-15 17:00:00','Berguvsvägen  8'),(10838,'LINOD','1998-01-18 17:00:00','Ave. 5 de Mayo Porlamar'),(10839,'TRADH','1998-01-18 17:00:00','Av. Inês de Castro, 414'),(10840,'LINOD','1998-01-18 17:00:00','Ave. 5 de Mayo Porlamar'),(10841,'SUPRD','1998-01-19 17:00:00','Boulevard Tirou, 255'),(10842,'TORTU','1998-01-19 17:00:00','Avda. Azteca 123'),(10843,'VICTE','1998-01-20 17:00:00','2, rue du Commerce'),(10844,'PICCO','1998-01-20 17:00:00','Geislweg 14'),(10845,'QUICK','1998-01-20 17:00:00','Taucherstraße 10'),(10846,'SUPRD','1998-01-21 17:00:00','Boulevard Tirou, 255'),(10847,'SAVEA','1998-01-21 17:00:00','187 Suffolk Ln.'),(10848,'CONSH','1998-01-22 17:00:00','Berkeley Gardens 12  Brewery'),(10849,'KOENE','1998-01-22 17:00:00','Maubelstr. 90'),(10850,'VICTE','1998-01-22 17:00:00','2, rue du Commerce'),(10851,'RICAR','1998-01-25 17:00:00','Av. Copacabana, 267'),(10852,'RATTC','1998-01-25 17:00:00','2817 Milton Dr.'),(10853,'BLAUS','1998-01-26 17:00:00','Forsterstr. 57'),(10854,'ERNSH','1998-01-26 17:00:00','Kirchgasse 6'),(10855,'OLDWO','1998-01-26 17:00:00','2743 Bering St.'),(10856,'ANTON','1998-01-27 17:00:00','Mataderos  2312'),(10857,'BERGS','1998-01-27 17:00:00','Berguvsvägen  8'),(10858,'LACOR','1998-01-28 17:00:00','67, avenue de l\'Europe'),(10859,'FRANK','1998-01-28 17:00:00','Berliner Platz 43'),(10860,'FRANR','1998-01-28 17:00:00','54, rue Royale'),(10861,'WHITC','1998-01-29 17:00:00','1029 - 12th Ave. S.'),(10862,'LEHMS','1998-01-29 17:00:00','Magazinweg 7'),(10863,'HILAA','1998-02-01 17:00:00','Carrera 22 con Ave. Carlos Soublette #8-35'),(10864,'AROUT','1998-02-01 17:00:00','Brook Farm Stratford St. Mary'),(10865,'QUICK','1998-02-01 17:00:00','Taucherstraße 10'),(10866,'BERGS','1998-02-02 17:00:00','Berguvsvägen  8'),(10867,'LONEP','1998-02-02 17:00:00','89 Chiaroscuro Rd.'),(10868,'QUEEN','1998-02-03 17:00:00','Alameda dos Canàrios, 891'),(10869,'SEVES','1998-02-03 17:00:00','90 Wadhurst Rd.'),(10870,'WOLZA','1998-02-03 17:00:00','ul. Filtrowa 68'),(10871,'BONAP','1998-02-04 17:00:00','12, rue des Bouchers'),(10872,'GODOS','1998-02-04 17:00:00','C/ Romero, 33'),(10873,'WILMK','1998-02-05 17:00:00','Keskuskatu 45'),(10874,'GODOS','1998-02-05 17:00:00','C/ Romero, 33'),(10875,'BERGS','1998-02-05 17:00:00','Berguvsvägen  8'),(10876,'BONAP','1998-02-08 17:00:00','12, rue des Bouchers'),(10877,'RICAR','1998-02-08 17:00:00','Av. Copacabana, 267'),(10878,'QUICK','1998-02-09 17:00:00','Taucherstraße 10'),(10879,'WILMK','1998-02-09 17:00:00','Keskuskatu 45'),(10880,'FOLKO','1998-02-09 17:00:00','Åkergatan 24'),(10881,'CACTU','1998-02-10 17:00:00','Cerrito 333'),(10882,'SAVEA','1998-02-10 17:00:00','187 Suffolk Ln.'),(10883,'LONEP','1998-02-11 17:00:00','89 Chiaroscuro Rd.'),(10884,'LETSS','1998-02-11 17:00:00','87 Polk St. Suite 5'),(10885,'SUPRD','1998-02-11 17:00:00','Boulevard Tirou, 255'),(10886,'HANAR','1998-02-12 17:00:00','Rua do Paço, 67'),(10887,'GALED','1998-02-12 17:00:00','Rambla de Cataluña, 23'),(10888,'GODOS','1998-02-15 17:00:00','C/ Romero, 33'),(10889,'RATTC','1998-02-15 17:00:00','2817 Milton Dr.'),(10890,'DUMON','1998-02-15 17:00:00','67, rue des Cinquante Otages'),(10891,'LEHMS','1998-02-16 17:00:00','Magazinweg 7'),(10892,'MAISD','1998-02-16 17:00:00','Rue Joseph-Bens 532'),(10893,'KOENE','1998-02-17 17:00:00','Maubelstr. 90'),(10894,'SAVEA','1998-02-17 17:00:00','187 Suffolk Ln.'),(10895,'ERNSH','1998-02-17 17:00:00','Kirchgasse 6'),(10896,'MAISD','1998-02-18 17:00:00','Rue Joseph-Bens 532'),(10897,'HUNGO','1998-02-18 17:00:00','8 Johnstown Road'),(10898,'OCEAN','1998-02-19 17:00:00','Ing. Gustavo Moncada 8585 Piso 20-A'),(10899,'LILAS','1998-02-19 17:00:00','Carrera 52 con Ave. Bolívar #65-98 Llano Largo'),(10900,'WELLI','1998-02-19 17:00:00','Rua do Mercado, 12'),(10901,'HILAA','1998-02-22 17:00:00','Carrera 22 con Ave. Carlos Soublette #8-35'),(10902,'FOLKO','1998-02-22 17:00:00','Åkergatan 24'),(10903,'HANAR','1998-02-23 17:00:00','Rua do Paço, 67'),(10904,'WHITC','1998-02-23 17:00:00','1029 - 12th Ave. S.'),(10905,'WELLI','1998-02-23 17:00:00','Rua do Mercado, 12'),(10906,'WOLZA','1998-02-24 17:00:00','ul. Filtrowa 68'),(10907,'SPECD','1998-02-24 17:00:00','25, rue Lauriston'),(10908,'REGGC','1998-02-25 17:00:00','Strada Provinciale 124'),(10909,'SANTG','1998-02-25 17:00:00','Erling Skakkes gate 78'),(10910,'WILMK','1998-02-25 17:00:00','Keskuskatu 45'),(10911,'GODOS','1998-02-25 17:00:00','C/ Romero, 33'),(10912,'HUNGO','1998-02-25 17:00:00','8 Johnstown Road'),(10913,'QUEEN','1998-02-25 17:00:00','Alameda dos Canàrios, 891'),(10914,'QUEEN','1998-02-26 17:00:00','Alameda dos Canàrios, 891'),(10915,'TORTU','1998-02-26 17:00:00','Avda. Azteca 123'),(10916,'RANCH','1998-02-26 17:00:00','Av. del Libertador 900'),(10917,'ROMEY','1998-03-01 17:00:00','Gran Vía, 1'),(10918,'BOTTM','1998-03-01 17:00:00','23 Tsawassen Blvd.'),(10919,'LINOD','1998-03-01 17:00:00','Ave. 5 de Mayo Porlamar'),(10920,'AROUT','1998-03-02 17:00:00','Brook Farm Stratford St. Mary'),(10921,'VAFFE','1998-03-02 17:00:00','Smagsloget 45'),(10922,'HANAR','1998-03-02 17:00:00','Rua do Paço, 67'),(10923,'LAMAI','1998-03-02 17:00:00','1 rue Alsace-Lorraine'),(10924,'BERGS','1998-03-03 17:00:00','Berguvsvägen  8'),(10925,'HANAR','1998-03-03 17:00:00','Rua do Paço, 67'),(10926,'ANATR','1998-03-03 17:00:00','Avda. de la Constitución 2222'),(10927,'LACOR','1998-03-04 17:00:00','67, avenue de l\'Europe'),(10928,'GALED','1998-03-04 17:00:00','Rambla de Cataluña, 23'),(10929,'FRANK','1998-03-04 17:00:00','Berliner Platz 43'),(10930,'SUPRD','1998-03-05 17:00:00','Boulevard Tirou, 255'),(10931,'RICSU','1998-03-05 17:00:00','Starenweg 5'),(10932,'BONAP','1998-03-05 17:00:00','12, rue des Bouchers'),(10933,'ISLAT','1998-03-05 17:00:00','Garden House Crowther Way'),(10934,'LEHMS','1998-03-08 17:00:00','Magazinweg 7'),(10935,'WELLI','1998-03-08 17:00:00','Rua do Mercado, 12'),(10936,'GREAL','1998-03-08 17:00:00','2732 Baker Blvd.'),(10937,'CACTU','1998-03-09 17:00:00','Cerrito 333'),(10938,'QUICK','1998-03-09 17:00:00','Taucherstraße 10'),(10939,'MAGAA','1998-03-09 17:00:00','Via Ludovico il Moro 22'),(10940,'BONAP','1998-03-10 17:00:00','12, rue des Bouchers'),(10941,'SAVEA','1998-03-10 17:00:00','187 Suffolk Ln.'),(10942,'REGGC','1998-03-10 17:00:00','Strada Provinciale 124'),(10943,'BSBEV','1998-03-10 17:00:00','Fauntleroy Circus'),(10944,'BOTTM','1998-03-11 17:00:00','23 Tsawassen Blvd.'),(10945,'MORGK','1998-03-11 17:00:00','Heerstr. 22'),(10946,'VAFFE','1998-03-11 17:00:00','Smagsloget 45'),(10947,'BSBEV','1998-03-12 17:00:00','Fauntleroy Circus'),(10948,'GODOS','1998-03-12 17:00:00','C/ Romero, 33'),(10949,'BOTTM','1998-03-12 17:00:00','23 Tsawassen Blvd.'),(10950,'MAGAA','1998-03-15 17:00:00','Via Ludovico il Moro 22'),(10951,'RICSU','1998-03-15 17:00:00','Starenweg 5'),(10952,'ALFKI','1998-03-15 17:00:00','Obere Str. 57'),(10953,'AROUT','1998-03-15 17:00:00','Brook Farm Stratford St. Mary'),(10954,'LINOD','1998-03-16 17:00:00','Ave. 5 de Mayo Porlamar'),(10955,'FOLKO','1998-03-16 17:00:00','Åkergatan 24'),(10956,'BLAUS','1998-03-16 17:00:00','Forsterstr. 57'),(10957,'HILAA','1998-03-17 17:00:00','Carrera 22 con Ave. Carlos Soublette #8-35'),(10958,'OCEAN','1998-03-17 17:00:00','Ing. Gustavo Moncada 8585 Piso 20-A'),(10959,'GOURL','1998-03-17 17:00:00','Av. Brasil, 442'),(10960,'HILAA','1998-03-18 17:00:00','Carrera 22 con Ave. Carlos Soublette #8-35'),(10961,'QUEEN','1998-03-18 17:00:00','Alameda dos Canàrios, 891'),(10962,'QUICK','1998-03-18 17:00:00','Taucherstraße 10'),(10963,'FURIB','1998-03-18 17:00:00','Jardim das rosas n. 32'),(10964,'SPECD','1998-03-19 17:00:00','25, rue Lauriston'),(10965,'OLDWO','1998-03-19 17:00:00','2743 Bering St.'),(10966,'CHOPS','1998-03-19 17:00:00','Hauptstr. 31'),(10967,'TOMSP','1998-03-22 17:00:00','Luisenstr. 48'),(10968,'ERNSH','1998-03-22 17:00:00','Kirchgasse 6'),(10969,'COMMI','1998-03-22 17:00:00','Av. dos Lusíadas, 23'),(10970,'BOLID','1998-03-23 17:00:00','C/ Araquil, 67'),(10971,'FRANR','1998-03-23 17:00:00','54, rue Royale'),(10972,'LACOR','1998-03-23 17:00:00','67, avenue de l\'Europe'),(10973,'LACOR','1998-03-23 17:00:00','67, avenue de l\'Europe'),(10974,'SPLIR','1998-03-24 17:00:00','P.O. Box 555'),(10975,'BOTTM','1998-03-24 17:00:00','23 Tsawassen Blvd.'),(10976,'HILAA','1998-03-24 17:00:00','Carrera 22 con Ave. Carlos Soublette #8-35'),(10977,'FOLKO','1998-03-25 17:00:00','Åkergatan 24'),(10978,'MAISD','1998-03-25 17:00:00','Rue Joseph-Bens 532'),(10979,'ERNSH','1998-03-25 17:00:00','Kirchgasse 6'),(10980,'FOLKO','1998-03-26 17:00:00','Åkergatan 24'),(10981,'HANAR','1998-03-26 17:00:00','Rua do Paço, 67'),(10982,'BOTTM','1998-03-26 17:00:00','23 Tsawassen Blvd.'),(10983,'SAVEA','1998-03-26 17:00:00','187 Suffolk Ln.'),(10984,'SAVEA','1998-03-29 17:00:00','187 Suffolk Ln.'),(10985,'HUNGO','1998-03-29 17:00:00','8 Johnstown Road'),(10986,'OCEAN','1998-03-29 17:00:00','Ing. Gustavo Moncada 8585 Piso 20-A'),(10987,'EASTC','1998-03-30 17:00:00','35 King George'),(10988,'RATTC','1998-03-30 17:00:00','2817 Milton Dr.'),(10989,'QUEDE','1998-03-30 17:00:00','Rua da Panificadora, 12'),(10990,'ERNSH','1998-03-31 17:00:00','Kirchgasse 6'),(10991,'QUICK','1998-03-31 17:00:00','Taucherstraße 10'),(10992,'THEBI','1998-03-31 17:00:00','89 Jefferson Way Suite 2'),(10993,'FOLKO','1998-03-31 17:00:00','Åkergatan 24'),(10994,'VAFFE','1998-04-01 17:00:00','Smagsloget 45'),(10995,'PERIC','1998-04-01 17:00:00','Calle Dr. Jorge Cash 321'),(10996,'QUICK','1998-04-01 17:00:00','Taucherstraße 10'),(10997,'LILAS','1998-04-02 17:00:00','Carrera 52 con Ave. Bolívar #65-98 Llano Largo'),(10998,'WOLZA','1998-04-02 17:00:00','ul. Filtrowa 68'),(10999,'OTTIK','1998-04-02 17:00:00','Mehrheimerstr. 369'),(11000,'RATTC','1998-04-05 17:00:00','2817 Milton Dr.'),(11001,'FOLKO','1998-04-05 17:00:00','Åkergatan 24'),(11002,'SAVEA','1998-04-05 17:00:00','187 Suffolk Ln.'),(11003,'THECR','1998-04-05 17:00:00','55 Grizzly Peak Rd.'),(11004,'MAISD','1998-04-06 17:00:00','Rue Joseph-Bens 532'),(11005,'WILMK','1998-04-06 17:00:00','Keskuskatu 45'),(11006,'GREAL','1998-04-06 17:00:00','2732 Baker Blvd.'),(11007,'PRINI','1998-04-07 17:00:00','Estrada da saúde n. 58'),(11008,'ERNSH','1998-04-07 17:00:00','Kirchgasse 6'),(11009,'GODOS','1998-04-07 17:00:00','C/ Romero, 33'),(11010,'REGGC','1998-04-08 17:00:00','Strada Provinciale 124'),(11011,'ALFKI','1998-04-08 17:00:00','Obere Str. 57'),(11012,'FRANK','1998-04-08 17:00:00','Berliner Platz 43'),(11013,'ROMEY','1998-04-08 17:00:00','Gran Vía, 1'),(11014,'LINOD','1998-04-09 17:00:00','Ave. 5 de Mayo Porlamar'),(11015,'SANTG','1998-04-09 17:00:00','Erling Skakkes gate 78'),(11016,'AROUT','1998-04-09 17:00:00','Brook Farm Stratford St. Mary'),(11017,'ERNSH','1998-04-12 17:00:00','Kirchgasse 6'),(11018,'LONEP','1998-04-12 17:00:00','89 Chiaroscuro Rd.'),(11019,'RANCH','1998-04-12 17:00:00','Av. del Libertador 900'),(11020,'OTTIK','1998-04-13 17:00:00','Mehrheimerstr. 369'),(11021,'QUICK','1998-04-13 17:00:00','Taucherstraße 10'),(11022,'HANAR','1998-04-13 17:00:00','Rua do Paço, 67'),(11023,'BSBEV','1998-04-13 17:00:00','Fauntleroy Circus'),(11024,'EASTC','1998-04-14 17:00:00','35 King George'),(11025,'WARTH','1998-04-14 17:00:00','Torikatu 38'),(11026,'FRANS','1998-04-14 17:00:00','Via Monte Bianco 34'),(11027,'BOTTM','1998-04-15 17:00:00','23 Tsawassen Blvd.'),(11028,'KOENE','1998-04-15 17:00:00','Maubelstr. 90'),(11029,'CHOPS','1998-04-15 17:00:00','Hauptstr. 31'),(11030,'SAVEA','1998-04-16 17:00:00','187 Suffolk Ln.'),(11031,'SAVEA','1998-04-16 17:00:00','187 Suffolk Ln.'),(11032,'WHITC','1998-04-16 17:00:00','1029 - 12th Ave. S.'),(11033,'RICSU','1998-04-16 17:00:00','Starenweg 5'),(11034,'OLDWO','1998-04-19 17:00:00','2743 Bering St.'),(11035,'SUPRD','1998-04-19 17:00:00','Boulevard Tirou, 255'),(11036,'DRACD','1998-04-19 17:00:00','Walserweg 21'),(11037,'GODOS','1998-04-20 17:00:00','C/ Romero, 33'),(11038,'SUPRD','1998-04-20 17:00:00','Boulevard Tirou, 255'),(11039,'LINOD','1998-04-20 17:00:00','Ave. 5 de Mayo Porlamar'),(11040,'GREAL','1998-04-21 17:00:00','2732 Baker Blvd.'),(11041,'CHOPS','1998-04-21 17:00:00','Hauptstr. 31'),(11042,'COMMI','1998-04-21 17:00:00','Av. dos Lusíadas, 23'),(11043,'SPECD','1998-04-21 17:00:00','25, rue Lauriston'),(11044,'WOLZA','1998-04-22 17:00:00','ul. Filtrowa 68'),(11045,'BOTTM','1998-04-22 17:00:00','23 Tsawassen Blvd.'),(11046,'WANDK','1998-04-22 17:00:00','Adenauerallee 900'),(11047,'EASTC','1998-04-23 17:00:00','35 King George'),(11048,'BOTTM','1998-04-23 17:00:00','23 Tsawassen Blvd.'),(11049,'GOURL','1998-04-23 17:00:00','Av. Brasil, 442'),(11050,'FOLKO','1998-04-26 17:00:00','Åkergatan 24'),(11051,'LAMAI','1998-04-26 17:00:00','1 rue Alsace-Lorraine'),(11052,'HANAR','1998-04-26 17:00:00','Rua do Paço, 67'),(11053,'PICCO','1998-04-26 17:00:00','Geislweg 14'),(11054,'CACTU','1998-04-27 17:00:00','Cerrito 333'),(11055,'HILAA','1998-04-27 17:00:00','Carrera 22 con Ave. Carlos Soublette #8-35'),(11056,'EASTC','1998-04-27 17:00:00','35 King George'),(11057,'NORTS','1998-04-28 17:00:00','South House 300 Queensbridge'),(11058,'BLAUS','1998-04-28 17:00:00','Forsterstr. 57'),(11059,'RICAR','1998-04-28 17:00:00','Av. Copacabana, 267'),(11060,'FRANS','1998-04-29 17:00:00','Via Monte Bianco 34'),(11061,'GREAL','1998-04-29 17:00:00','2732 Baker Blvd.'),(11062,'REGGC','1998-04-29 17:00:00','Strada Provinciale 124'),(11063,'HUNGO','1998-04-29 17:00:00','8 Johnstown Road'),(11064,'SAVEA','1998-04-30 17:00:00','187 Suffolk Ln.'),(11065,'LILAS','1998-04-30 17:00:00','Carrera 52 con Ave. Bolívar #65-98 Llano Largo'),(11066,'WHITC','1998-04-30 17:00:00','1029 - 12th Ave. S.'),(11067,'DRACD','1998-05-03 17:00:00','Walserweg 21'),(11068,'QUEEN','1998-05-03 17:00:00','Alameda dos Canàrios, 891'),(11069,'TORTU','1998-05-03 17:00:00','Avda. Azteca 123'),(11070,'LEHMS','1998-05-04 17:00:00','Magazinweg 7'),(11071,'LILAS','1998-05-04 17:00:00','Carrera 52 con Ave. Bolívar #65-98 Llano Largo'),(11072,'ERNSH','1998-05-04 17:00:00','Kirchgasse 6'),(11073,'PERIC','1998-05-04 17:00:00','Calle Dr. Jorge Cash 321'),(11074,'SIMOB','1998-05-05 17:00:00','Vinbæltet 34'),(11075,'RICSU','1998-05-05 17:00:00','Starenweg 5'),(11076,'BONAP','1998-05-05 17:00:00','12, rue des Bouchers'),(11077,'RATTC','1998-05-05 17:00:00','2817 Milton Dr.'),(11200,'director','2020-08-24 17:00:00','Công cha như núi Thái sơn'),(11205,'staff','2021-03-10 17:00:00','Shipping Address:'),(11206,'staff','2021-03-10 17:00:00','Shipping Address:'),(11207,'staff','2021-03-10 17:00:00','Shipping Address:'),(11208,'staff','2021-03-10 17:00:00','Shipping Address:'),(11209,'staff','2021-03-10 17:00:00','Shipping Address:'),(11210,'staff','2021-03-10 17:00:00','ORDER PURCHASING'),(11211,'staff','2021-03-10 17:00:00','ORDER PURCHASING'),(11212,'staff','2021-03-10 17:00:00','Shipping Address:'),(11213,'staff','2021-03-10 17:00:00','Shipping Address: 123'),(21205,'staff','2021-03-11 17:00:00','Shipping Address:'),(21206,'director','2021-03-11 17:00:00','Shipping Address:'),(21207,'director','2021-03-11 17:00:00','ORDER PURCHASING'),(21208,'director','2021-03-11 17:00:00','Công cha như núi thái sơn\nNghĩa mẹ như nước trong nguồn chảy ra'),(21209,'director','2021-03-11 17:00:00','© 2021 by FPT Polytechnic. All rights reserved.'),(31205,'staff','2021-03-12 17:00:00','Shipping Address:'),(31206,'staff','2021-03-12 17:00:00','Mishi Kobe Niku'),(31207,'director','2021-03-12 17:00:00','Shipping Address:'),(41205,'staff','2021-03-14 17:00:00','Shipping Address:'),(41206,'staff','2021-03-14 17:00:00','Shipping Address:'),(41208,'staff','2021-03-14 17:00:00','Shipping Address:'),(51205,'director','2021-03-15 17:00:00','Shipping Address:'),(61205,'customer','2021-03-15 17:00:00','Shipping Address:'),(71205,'customer','2021-03-15 17:00:00','778/B1 Nguyễn Kiệm, F.4 Q.Tân Phú, HCM'),(71206,'director','2021-03-16 17:00:00','© 2021 by FPT Polytechnic. All rights reserved.'),(81206,'customer','2021-03-16 17:00:00','© 2021 by FPT Polytechnic. All rights reserved.'),(81207,'customer','2021-03-16 17:00:00','© 2021 by FPT Polytechnic. All rights reserved.'),(81208,'director','2021-03-16 17:00:00','Shipping Address'),(81209,'director','2021-03-16 17:00:00','Shipping Address:'),(81210,'staff','2021-03-16 17:00:00','Shipping Address:'),(81211,'staff','2021-03-16 17:00:00','© 2021 by FPT Polytechnic. All rights reserved.'),(81212,'staff','2021-03-16 17:00:00','© 2021 by FPT Polytechnic. All rights reserved.'),(91205,'customer','2021-03-21 17:00:00','Shipping Address:'),(101205,'customer','2021-03-21 17:00:00','2021 by FPT Polytechnic. All rights reserved.'),(111205,'customer','2021-03-22 17:00:00','FPT Polytechnic © 2021. All rights reserved.'),(111206,'customer','2021-03-22 17:00:00','FPT Polytechnic © 2021. All rights reserved.'),(121205,'staff','2021-04-04 17:00:00','© 2021 by FPT Polytechnic. All rights reserved.'),(121206,'staff','2021-04-04 17:00:00','© 2021 by FPT Polytechnic. All rights reserved.');
/*!40000 ALTER TABLE `orders` ENABLE KEYS */;
UNLOCK TABLES;

--
-- Table structure for table `products`
--

DROP TABLE IF EXISTS `products`;
/*!40101 SET @saved_cs_client     = @@character_set_client */;
/*!50503 SET character_set_client = utf8mb4 */;
CREATE TABLE `products` (
  `Id` int NOT NULL COMMENT 'Mã hàng hóa',
  `Name` varchar(50) CHARACTER SET utf8mb4 COLLATE utf8mb4_0900_ai_ci NOT NULL COMMENT 'Tên hàng hóa',
  `Image` varchar(50) CHARACTER SET utf8mb4 COLLATE utf8mb4_0900_ai_ci NOT NULL COMMENT 'Hình ảnh',
  `Price` double NOT NULL DEFAULT '0' COMMENT 'Đơn giá',
  `CreateDate` date NOT NULL COMMENT 'Ngày sản xuất',
  `Available` tinyint(1) NOT NULL DEFAULT '1' COMMENT 'Đang kinh doanh ?',
  `CategoryId` char(4) NOT NULL COMMENT 'Mã loại, FK',
  PRIMARY KEY (`Id`),
  KEY `FK3ess0s7i9qs6sim1pf9kxhkpq` (`CategoryId`),
  CONSTRAINT `FK3ess0s7i9qs6sim1pf9kxhkpq` FOREIGN KEY (`CategoryId`) REFERENCES `categories` (`Id`) ON DELETE CASCADE
) ENGINE=InnoDB DEFAULT CHARSET=utf8mb4 COLLATE=utf8mb4_0900_ai_ci;
/*!40101 SET character_set_client = @saved_cs_client */;

--
-- Dumping data for table `products`
--

LOCK TABLES `products` WRITE;
/*!40000 ALTER TABLE `products` DISABLE KEYS */;
INSERT INTO `products` VALUES (1001,'Aniseed Syrup','1001.jpg',190,'1980-03-29',0,'1000'),(1002,'Change','1002.jpg',19,'1982-12-18',0,'1000'),(1003,'Aniseed Syrup','1003.jpg',10,'1973-06-14',1,'1001'),(1004,'Chef Anton\'s Cajun Seasoning','1004.jpg',22,'1976-03-10',0,'1001'),(1005,'Chef Anton\'s Gumbo Mix','1005.jpg',21.35,'1978-12-06',1,'1002'),(1006,'Grandma\'s Boysenberry Spread','1006.jpg',25,'1981-09-03',0,'1001'),(1007,'Uncle Bob\'s Organic Dried Pears','1007.jpg',30,'1983-03-13',0,'1006'),(1008,'Northwoods Cranberry Sauce','1008.jpg',40,'1972-02-26',0,'1001'),(1009,'Mishi Kobe Niku','1009.jpg',97,'1985-12-10',0,'1005'),(1010,'Ikura','1010.jpg',31,'1994-03-23',0,'1007'),(1011,'Queso Cabrales','1011.jpg',21,'1985-11-28',0,'1003'),(1012,'Queso Manchego La Pastora','1012.jpg',38,'1988-08-27',1,'1003'),(1013,'Konbu','1013.jpg',6,'2002-07-01',0,'1007'),(1014,'Tofu','1014.jpg',23.25,'2002-06-24',1,'1006'),(1015,'Genen Shouyu','1015.jpg',15.5,'1991-05-04',0,'1001'),(1016,'Pavlova','1016.jpg',17.45,'1996-11-09',0,'1002'),(1017,'Alice Mutton','1017.jpg',39,'2007-12-15',1,'1005'),(1018,'Carnarvon Tigers','1018.jpg',62.5,'2011-04-13',1,'1007'),(1019,'Teatime Chocolate Biscuits','1019.jpg',9.2,'2005-02-02',0,'1002'),(1020,'Sir Rodney\'s Marmalade','1020.jpg',81,'2007-11-01',0,'1002'),(1021,'Sir Rodney\'s Scones','1021.jpg',10,'2010-07-29',0,'1002'),(1022,'Gustaf flower','1022.jpg',21,'2008-12-01',1,'1004'),(1023,'Tunnbr Korea','1023.jpg',9,'2011-08-31',1,'1004'),(1024,'Guarana¡ Fanta¡stica','1024.jpg',4.5,'2008-03-13',0,'1000'),(1025,'NuNuCa Nuaa-Nougat-Creme','1025.jpg',14,'2011-07-20',0,'1002'),(1026,'Gumbar Gummibarchen','1026.jpg',31.23,'2009-04-17',1,'1002'),(1027,'Schoggi Schokolade','1027.jpg',43.9,'2007-01-14',0,'1002'),(1028,'Russle Sauerkraut','1028.jpg',45.6,'2011-01-14',1,'1006'),(1029,'Tharinger Rostbratwurst','1029.jpg',123.79,'2010-12-21',0,'1005'),(1030,'Nord-Ost Matjeshering','1030.jpg',25.89,'2011-05-14',0,'1007'),(1031,'Gorgonzola Telino','1031.jpg',12.5,'2010-10-30',0,'1003'),(1032,'Mascarpone Fabioli','1032.jpg',32,'2011-07-30',0,'1003'),(1033,'Geitost','1033.png',2.5,'2010-04-29',0,'1003'),(1034,'Sasquatch Ale','1034.jpg',14,'2010-07-30',1,'1000'),(1035,'Steeleye Stout','1035.jpg',18,'2011-04-25',0,'1000'),(1036,'Inlagd Sill','1036.jpg',19,'1980-11-28',0,'1007'),(1037,'Gravad lax','1037.jpg',26,'1983-08-31',0,'1007'),(1038,'Cate de Blaye','1038.jpg',263.5,'1981-07-12',0,'1000'),(1039,'Chartreuse verte','1039.jpg',18,'1984-04-08',0,'1000'),(1040,'Boston Crab Meat','1040.jpg',18.4,'1976-12-08',0,'1007'),(1041,'Jack\'s New England Clam Chowder','1041.jpg',9.65,'1979-09-10',0,'1007'),(1042,'Singaporean Hokkien Fried Mee','1042.jpg',14,'1973-11-21',0,'1004'),(1043,'Ipoh Coffee','1043.jpg',46,'1980-03-20',0,'1000'),(1044,'Gula Malacca','1044.jpg',19.45,'1970-10-25',0,'1001'),(1045,'Rogede sild','1045.jpg',9.5,'1990-09-21',1,'1007'),(1046,'Spegesild','1046.jpg',12,'1993-06-23',0,'1007'),(1047,'Zaanse koeken','1047.jpg',9.5,'1981-11-25',0,'1002'),(1048,'Chocolade','1048.jpg',12.75,'1984-08-24',0,'1002'),(1049,'Maxilaku','1049.jpg',20,'1987-05-23',0,'1002'),(1050,'Valkoinen suklaa','1050.jpg',16.25,'1990-02-17',0,'1002'),(1051,'Manjimup Dried Apples','1051.jpg',53,'2004-05-22',0,'1006'),(1052,'Filo Mix','1052.jpg',7,'2001-05-20',0,'1004'),(1053,'Perth Pasties','1053.jpg',32.8,'2007-01-06',0,'1005'),(1054,'Tourtiare','1054.jpg',7.45,'2009-10-07',1,'1005'),(1055,'Pacta chinois','1055.jpg',24,'2007-07-08',0,'1005'),(1056,'Gnocchi di nonna Alice','1056.jpg',38,'2007-05-18',0,'1004'),(1057,'Ravioli Angelo','1057.jpg',19.5,'2010-02-16',0,'1004'),(1058,'Escargots de Bourgogne','1058.jpg',13.25,'2011-07-26',0,'1001'),(1059,'Raclette Courdavault','1059.jpg',55,'2007-09-22',0,'1003'),(1060,'Camembert Pierrot','1060.jpg',34,'2010-06-20',0,'1003'),(1061,'Sirop d\'aOrable','1061.jpg',28.5,'2007-05-29',0,'1001'),(1062,'Tarte au sucre','1062.jpg',49.3,'2008-01-21',0,'1002'),(1063,'Vegie-spread','1063.jpg',43.9,'2007-11-21',0,'1001'),(1064,'Wimmers gute Semmelknadel','1064.jpg',33.25,'2009-05-15',0,'1004'),(1065,'Louisiana Fiery Hot Pepper Sauce','1065.jpg',21.05,'2008-05-15',0,'1001'),(1066,'Louisiana Hot Spiced Okra','1066.jpg',17,'2011-02-10',1,'1001'),(1067,'Laughing Lumberjack Lager','1067.jpg',14,'2010-12-05',1,'1000'),(1068,'Scottish Longbreads','1068.jpg',12.5,'2009-07-08',0,'1002'),(1069,'Gudbrandsdalsost','1069.jpg',36,'2011-03-09',0,'1003'),(1070,'Outback Lager','1070.jpg',15,'2009-02-21',0,'1000'),(1071,'Flotemysost','1071.jpg',21.5,'1980-09-04',1,'1003'),(1072,'Mozzarella di Giovanni','1072.jpg',34.8,'1983-06-03',0,'1003'),(1073,'Rad Kaviar','1073.jpg',15,'1982-12-03',0,'1007'),(1074,'Longlife Tofu','1074.jpg',10,'1982-09-27',0,'1006'),(1075,'RhanbrAu Klosterbier','1075.jpg',7.75,'1982-10-31',0,'1000'),(1076,'Lakkalik AAri','1076.jpg',18,'1970-07-28',0,'1000'),(1077,'Original Frankfurter grane Soae','1077.gif',13,'1976-04-04',0,'1001'),(1081,'Chai','1081.jpg',19,'1984-04-04',0,'1000'),(1083,'Mishi Kobe Niku','1083.jpg',97,'1989-07-23',0,'1005');
/*!40000 ALTER TABLE `products` ENABLE KEYS */;
UNLOCK TABLES;

--
-- Table structure for table `roles`
--

DROP TABLE IF EXISTS `roles`;
/*!40101 SET @saved_cs_client     = @@character_set_client */;
/*!50503 SET character_set_client = utf8mb4 */;
CREATE TABLE `roles` (
  `Id` varchar(10) CHARACTER SET utf8mb4 COLLATE utf8mb4_0900_ai_ci NOT NULL,
  `Name` varchar(50) CHARACTER SET utf8mb4 COLLATE utf8mb4_0900_ai_ci NOT NULL,
  PRIMARY KEY (`Id`)
) ENGINE=InnoDB DEFAULT CHARSET=utf8mb4 COLLATE=utf8mb4_0900_ai_ci;
/*!40101 SET character_set_client = @saved_cs_client */;

--
-- Dumping data for table `roles`
--

LOCK TABLES `roles` WRITE;
/*!40000 ALTER TABLE `roles` DISABLE KEYS */;
INSERT INTO `roles` VALUES ('CUST','Customers'),('DIRE','Directors'),('STAF','Staffs');
/*!40000 ALTER TABLE `roles` ENABLE KEYS */;
UNLOCK TABLES;

--
-- Table structure for table `students`
--

DROP TABLE IF EXISTS `students`;
/*!40101 SET @saved_cs_client     = @@character_set_client */;
/*!50503 SET character_set_client = utf8mb4 */;
CREATE TABLE `students` (
  `email` varchar(50) CHARACTER SET utf8mb4 COLLATE utf8mb4_0900_ai_ci NOT NULL,
  `fullname` varchar(50) CHARACTER SET utf8mb4 COLLATE utf8mb4_0900_ai_ci NOT NULL,
  `marks` double NOT NULL,
  `gender` tinyint(1) NOT NULL DEFAULT '1',
  `country` varchar(2) CHARACTER SET utf8mb4 COLLATE utf8mb4_0900_ai_ci NOT NULL,
  PRIMARY KEY (`email`)
) ENGINE=InnoDB DEFAULT CHARSET=utf8mb4 COLLATE=utf8mb4_0900_ai_ci;
/*!40101 SET character_set_client = @saved_cs_client */;

--
-- Dumping data for table `students`
--

LOCK TABLES `students` WRITE;
/*!40000 ALTER TABLE `students` DISABLE KEYS */;
INSERT INTO `students` VALUES ('anhntps10770@fpt.edu.vn','Nguyễn Tiến Anh',10,1,'VN'),('chaulnnps10835@fpt.edu.vn','Lê Nguyễn Ngọc Châu',7,0,'VN'),('cuonglcps10817@fpt.edu.vn','Lý Chí Cường',6,1,'VN'),('datnvps10930@fpt.edu.vn','Nguyễn Vũ Đạt',6,1,'VN'),('dobps10723@fpt.edu.vn','Bùi Đỏ',10,1,'VN'),('ducnpps10800@fpt.edu.vn','Nguyễn Phúc Đức',7,1,'VN'),('duytkps10303@fpt.edu.vn','Trần Khánh Duy',6,1,'US'),('huyntps10808@fpt.edu.vn','Nguyễn Thanh Huy',4,1,'VN'),('khaihcps10763@fpt.edu.vn','Hoàng Cao Khải',5,1,'VN'),('luudpps10344@fpt.edu.vn','Đào Phong Lưu',8,1,'VN'),('manhbdps09585@fpt.edu.vn','Bùi Đức Mạnh',5,1,'VN'),('phatltps10691@fpt.edu.vn','Lê Tấn Phát',9,1,'US'),('phucpbps10710@fpt.edu.vn','Phạm Bá Phúc',6,1,'VN'),('phuongntdps09013@fpt.edu.vn','Nguyễn Thị Diễm Phương',8,0,'VN'),('quangnmps10741@fpt.edu.vn','Nguyễn Minh Quang',6,1,'US'),('quangvvtps09851@fpt.edu.vn','Võ Văn Thanh Quang',5,1,'VN'),('sangntps10356@fpt.edu.vn','Nguyễn Tống Sang',5,1,'VN'),('sonntps10858@fpt.edu.vn','Nguyễn Thanh Sơn',9,1,'US'),('suotlvmps10970@fpt.edu.vn','Lê Vương Minh Suốt',7,1,'VN'),('thachnhps10818@fpt.edu.vn','Nguyễn Hữu Thạch',8,1,'VN'),('thangtvps10394@fpt.edu.vn','Trằn Văn Thắng',9,1,'VN'),('trangntpps10956@fpt.edu.vn','Nguyễn Thị Phương Trang',4,0,'VN'),('trungdvps10716@fpt.edu.vn','Đặng Văn Trung',6,1,'VN'),('tuanncqps10850@fpt.edu.vn','Nguyễn Cửu Quang Tuấn',6,1,'VN'),('tuannnps10819@fpt.edu.vn','Nguyễn Ngọc Tuấn',10,1,'VN'),('vinhptps09842@fpt.edu.vn','Phạm Thế Vinh',10,1,'VN');
/*!40000 ALTER TABLE `students` ENABLE KEYS */;
UNLOCK TABLES;
/*!40103 SET TIME_ZONE=@OLD_TIME_ZONE */;

/*!40101 SET SQL_MODE=@OLD_SQL_MODE */;
/*!40014 SET FOREIGN_KEY_CHECKS=@OLD_FOREIGN_KEY_CHECKS */;
/*!40014 SET UNIQUE_CHECKS=@OLD_UNIQUE_CHECKS */;
/*!40101 SET CHARACTER_SET_CLIENT=@OLD_CHARACTER_SET_CLIENT */;
/*!40101 SET CHARACTER_SET_RESULTS=@OLD_CHARACTER_SET_RESULTS */;
/*!40101 SET COLLATION_CONNECTION=@OLD_COLLATION_CONNECTION */;
/*!40111 SET SQL_NOTES=@OLD_SQL_NOTES */;

-- Dump completed on 2021-07-24 17:41:22
